2_step_optimization,VPG,0,97.82
2_step_optimization,VPG,1,85.11
2_step_optimization,VPG,2,74.32
2_step_optimization,VPG,3,77.5
2_step_optimization,VPG,4,82.91
2_step_optimization,VPG,5,93.66
2_step_optimization,VPG,6,75.39
2_step_optimization,VPG,7,71.85
2_step_optimization,VPG,8,70.35
2_step_optimization,VPG,9,79.88
2_step_optimization,VPG,10,54.44
2_step_optimization,VPG,11,64.75
2_step_optimization,VPG,12,64.03
2_step_optimization,VPG,13,72.79
2_step_optimization,VPG,14,66.65
2_step_optimization,VPG,15,60.93
2_step_optimization,VPG,16,74.52
2_step_optimization,VPG,17,68.09
2_step_optimization,VPG,18,73.7
2_step_optimization,VPG,19,67.18
2_step_optimization,VPG,20,66.27
2_step_optimization,VPG,21,64.63
2_step_optimization,VPG,22,64.25
2_step_optimization,VPG,23,63.32
2_step_optimization,VPG,24,61.06
2_step_optimization,VPG,25,58.97
2_step_optimization,VPG,26,72.09
2_step_optimization,VPG,27,63.52
2_step_optimization,VPG,28,73.41
2_step_optimization,VPG,29,76.21
2_step_optimization,VPG,30,63.11
2_step_optimization,VPG,31,71.63
2_step_optimization,VPG,32,72.2
2_step_optimization,VPG,33,80.2
2_step_optimization,VPG,34,72.08
2_step_optimization,VPG,35,70.67
2_step_optimization,VPG,36,65.63
2_step_optimization,VPG,37,68.09
2_step_optimization,VPG,38,68.8
2_step_optimization,VPG,39,72.59
2_step_optimization,VPG,40,69.32
2_step_optimization,VPG,41,68.54
2_step_optimization,VPG,42,60.27
2_step_optimization,VPG,43,55.3
2_step_optimization,VPG,44,67.64
2_step_optimization,VPG,45,61.46
2_step_optimization,VPG,46,53.15
2_step_optimization,VPG,47,56.54
2_step_optimization,VPG,48,59.15
2_step_optimization,VPG,49,50.48
2_step_optimization,VPG,50,51.87
2_step_optimization,VPG,51,52.59
2_step_optimization,VPG,52,48.84
2_step_optimization,VPG,53,56.69
2_step_optimization,VPG,54,49.65
2_step_optimization,VPG,55,50.01
2_step_optimization,VPG,56,53.47
2_step_optimization,VPG,57,49.3
2_step_optimization,VPG,58,48.37
2_step_optimization,VPG,59,44.69
2_step_optimization,VPG,60,44.11
2_step_optimization,VPG,61,37.1
2_step_optimization,VPG,62,43.56
2_step_optimization,VPG,63,42.82
2_step_optimization,VPG,64,42.53
2_step_optimization,VPG,65,43.85
2_step_optimization,VPG,66,44.75
2_step_optimization,VPG,67,41.42
2_step_optimization,VPG,68,40.96
2_step_optimization,VPG,69,46.55
2_step_optimization,VPG,70,41.77
2_step_optimization,VPG,71,44.44
2_step_optimization,VPG,72,39.23
2_step_optimization,VPG,73,46.51
2_step_optimization,VPG,74,44.15
2_step_optimization,VPG,75,38.79
2_step_optimization,VPG,76,46.07
2_step_optimization,VPG,77,35.27
2_step_optimization,VPG,78,42.55
2_step_optimization,VPG,79,47.5
2_step_optimization,VPG,80,45.51
2_step_optimization,VPG,81,38.63
2_step_optimization,VPG,82,48.78
2_step_optimization,VPG,83,46.94
2_step_optimization,VPG,84,47.11
2_step_optimization,VPG,85,45.49
2_step_optimization,VPG,86,43.82
2_step_optimization,VPG,87,39.62
2_step_optimization,VPG,88,41.0
2_step_optimization,VPG,89,38.77
2_step_optimization,VPG,90,42.6
2_step_optimization,VPG,91,40.53
2_step_optimization,VPG,92,39.9
2_step_optimization,VPG,93,40.99
2_step_optimization,VPG,94,39.11
2_step_optimization,VPG,95,41.75
2_step_optimization,VPG,96,40.29
2_step_optimization,VPG,97,35.86
2_step_optimization,VPG,98,41.49
2_step_optimization,VPG,99,38.04
2_step_optimization,VPG,100,37.26
2_step_optimization,VPG,101,40.42
2_step_optimization,VPG,102,41.11
2_step_optimization,VPG,103,34.48
2_step_optimization,VPG,104,35.49
2_step_optimization,VPG,105,37.04
2_step_optimization,VPG,106,43.43
2_step_optimization,VPG,107,38.83
2_step_optimization,VPG,108,41.52
2_step_optimization,VPG,109,39.99
2_step_optimization,VPG,110,43.4
2_step_optimization,VPG,111,39.77
2_step_optimization,VPG,112,42.54
2_step_optimization,VPG,113,36.02
2_step_optimization,VPG,114,42.7
2_step_optimization,VPG,115,38.34
2_step_optimization,VPG,116,45.04
2_step_optimization,VPG,117,42.96
2_step_optimization,VPG,118,39.91
2_step_optimization,VPG,119,41.46
2_step_optimization,VPG,120,37.98
2_step_optimization,VPG,121,37.02
2_step_optimization,VPG,122,45.59
2_step_optimization,VPG,123,41.83
2_step_optimization,VPG,124,44.76
2_step_optimization,VPG,125,45.44
2_step_optimization,VPG,126,43.82
2_step_optimization,VPG,127,43.25
2_step_optimization,VPG,128,50.19
2_step_optimization,VPG,129,52.62
2_step_optimization,VPG,130,49.53
2_step_optimization,VPG,131,46.21
2_step_optimization,VPG,132,49.87
2_step_optimization,VPG,133,52.52
2_step_optimization,VPG,134,53.25
2_step_optimization,VPG,135,49.99
2_step_optimization,VPG,136,49.7
2_step_optimization,VPG,137,55.61
2_step_optimization,VPG,138,52.48
2_step_optimization,VPG,139,46.26
2_step_optimization,VPG,140,55.44
2_step_optimization,VPG,141,57.46
2_step_optimization,VPG,142,55.94
2_step_optimization,VPG,143,56.17
2_step_optimization,VPG,144,55.23
2_step_optimization,VPG,145,56.8
2_step_optimization,VPG,146,54.8
2_step_optimization,VPG,147,57.04
2_step_optimization,VPG,148,56.72
2_step_optimization,VPG,149,55.47
2_step_optimization,VPG,150,54.3
2_step_optimization,VPG,151,56.62
2_step_optimization,VPG,152,56.39
2_step_optimization,VPG,153,54.06
2_step_optimization,VPG,154,58.42
2_step_optimization,VPG,155,55.93
2_step_optimization,VPG,156,53.29
2_step_optimization,VPG,157,57.68
2_step_optimization,VPG,158,57.28
2_step_optimization,VPG,159,56.0
2_step_optimization,VPG,160,57.25
2_step_optimization,VPG,161,59.47
2_step_optimization,VPG,162,56.58
2_step_optimization,VPG,163,51.6
2_step_optimization,VPG,164,54.37
2_step_optimization,VPG,165,56.76
2_step_optimization,VPG,166,57.87
2_step_optimization,VPG,167,58.14
2_step_optimization,VPG,168,57.57
2_step_optimization,VPG,169,53.72
2_step_optimization,VPG,170,59.22
2_step_optimization,VPG,171,57.4
2_step_optimization,VPG,172,54.69
2_step_optimization,VPG,173,57.31
2_step_optimization,VPG,174,52.82
2_step_optimization,VPG,175,56.6
2_step_optimization,VPG,176,56.06
2_step_optimization,VPG,177,57.4
2_step_optimization,VPG,178,55.99
2_step_optimization,VPG,179,58.49
2_step_optimization,VPG,180,55.33
2_step_optimization,VPG,181,50.12
2_step_optimization,VPG,182,55.65
2_step_optimization,VPG,183,54.6
2_step_optimization,VPG,184,55.48
2_step_optimization,VPG,185,49.32
2_step_optimization,VPG,186,51.54
2_step_optimization,VPG,187,53.69
2_step_optimization,VPG,188,54.65
2_step_optimization,VPG,189,55.45
2_step_optimization,VPG,190,56.16
2_step_optimization,VPG,191,55.43
2_step_optimization,VPG,192,56.3
2_step_optimization,VPG,193,57.72
2_step_optimization,VPG,194,56.74
2_step_optimization,VPG,195,52.32
2_step_optimization,VPG,196,50.77
2_step_optimization,VPG,197,53.77
2_step_optimization,VPG,198,55.64
2_step_optimization,VPG,199,56.22
2_step_optimization,VPG,200,55.76
2_step_optimization,VPG,201,51.56
2_step_optimization,VPG,202,57.16
2_step_optimization,VPG,203,59.81
2_step_optimization,VPG,204,56.74
2_step_optimization,VPG,205,56.93
2_step_optimization,VPG,206,53.38
2_step_optimization,VPG,207,55.79
2_step_optimization,VPG,208,56.21
2_step_optimization,VPG,209,58.58
2_step_optimization,VPG,210,56.59
2_step_optimization,VPG,211,56.96
2_step_optimization,VPG,212,60.11
2_step_optimization,VPG,213,59.79
2_step_optimization,VPG,214,55.12
2_step_optimization,VPG,215,57.26
2_step_optimization,VPG,216,58.49
2_step_optimization,VPG,217,58.13
2_step_optimization,VPG,218,53.24
2_step_optimization,VPG,219,58.45
2_step_optimization,VPG,220,59.9
2_step_optimization,VPG,221,59.14
2_step_optimization,VPG,222,59.26
2_step_optimization,VPG,223,59.37
2_step_optimization,VPG,224,57.81
2_step_optimization,VPG,225,59.17
2_step_optimization,VPG,226,60.1
2_step_optimization,VPG,227,54.93
2_step_optimization,VPG,228,53.48
2_step_optimization,VPG,229,60.06
2_step_optimization,VPG,230,60.57
2_step_optimization,VPG,231,59.83
2_step_optimization,VPG,232,54.75
2_step_optimization,VPG,233,60.01
2_step_optimization,VPG,234,59.84
2_step_optimization,VPG,235,59.95
2_step_optimization,VPG,236,60.63
2_step_optimization,VPG,237,59.12
2_step_optimization,VPG,238,59.81
2_step_optimization,VPG,239,60.2
2_step_optimization,VPG,240,59.81
2_step_optimization,VPG,241,59.1
2_step_optimization,VPG,242,59.97
2_step_optimization,VPG,243,59.87
2_step_optimization,VPG,244,59.8
2_step_optimization,VPG,245,60.87
2_step_optimization,VPG,246,59.62
2_step_optimization,VPG,247,59.64
2_step_optimization,VPG,248,58.77
2_step_optimization,VPG,249,61.06
2_step_optimization,VPG,250,61.09
2_step_optimization,VPG,251,60.38
2_step_optimization,VPG,252,60.99
2_step_optimization,VPG,253,60.43
2_step_optimization,VPG,254,60.96
2_step_optimization,VPG,255,61.28
2_step_optimization,VPG,256,61.47
2_step_optimization,VPG,257,59.96
2_step_optimization,VPG,258,60.48
2_step_optimization,VPG,259,61.64
2_step_optimization,VPG,260,59.95
2_step_optimization,VPG,261,59.38
2_step_optimization,VPG,262,61.15
2_step_optimization,VPG,263,60.74
2_step_optimization,VPG,264,60.32
2_step_optimization,VPG,265,61.19
2_step_optimization,VPG,266,60.23
2_step_optimization,VPG,267,61.59
2_step_optimization,VPG,268,60.29
2_step_optimization,VPG,269,61.36
2_step_optimization,VPG,270,60.32
2_step_optimization,VPG,271,61.78
2_step_optimization,VPG,272,59.93
2_step_optimization,VPG,273,61.47
2_step_optimization,VPG,274,61.93
2_step_optimization,VPG,275,60.24
2_step_optimization,VPG,276,60.95
2_step_optimization,VPG,277,62.25
2_step_optimization,VPG,278,56.26
2_step_optimization,VPG,279,61.76
2_step_optimization,VPG,280,60.87
2_step_optimization,VPG,281,62.15
2_step_optimization,VPG,282,61.62
2_step_optimization,VPG,283,61.32
2_step_optimization,VPG,284,62.22
2_step_optimization,VPG,285,62.24
2_step_optimization,VPG,286,62.72
2_step_optimization,VPG,287,61.72
2_step_optimization,VPG,288,61.95
2_step_optimization,VPG,289,61.87
2_step_optimization,VPG,290,62.09
2_step_optimization,VPG,291,61.75
2_step_optimization,VPG,292,61.93
2_step_optimization,VPG,293,62.39
2_step_optimization,VPG,294,62.03
2_step_optimization,VPG,295,62.11
2_step_optimization,VPG,296,61.94
2_step_optimization,VPG,297,62.29
2_step_optimization,VPG,298,61.83
2_step_optimization,VPG,299,61.53
2_step_optimization,VPG,300,61.32
2_step_optimization,VPG,301,61.86
2_step_optimization,VPG,302,60.93
2_step_optimization,VPG,303,61.99
2_step_optimization,VPG,304,61.54
2_step_optimization,VPG,305,61.41
2_step_optimization,VPG,306,62.66
2_step_optimization,VPG,307,61.9
2_step_optimization,VPG,308,57.2
2_step_optimization,VPG,309,61.87
2_step_optimization,VPG,310,60.58
2_step_optimization,VPG,311,62.18
2_step_optimization,VPG,312,61.48
2_step_optimization,VPG,313,61.13
2_step_optimization,VPG,314,61.17
2_step_optimization,VPG,315,62.07
2_step_optimization,VPG,316,61.07
2_step_optimization,VPG,317,60.2
2_step_optimization,VPG,318,61.65
2_step_optimization,VPG,319,61.53
2_step_optimization,VPG,320,62.1
2_step_optimization,VPG,321,61.22
2_step_optimization,VPG,322,61.16
2_step_optimization,VPG,323,60.63
2_step_optimization,VPG,324,59.95
2_step_optimization,VPG,325,61.17
2_step_optimization,VPG,326,59.3
2_step_optimization,VPG,327,61.08
2_step_optimization,VPG,328,60.39
2_step_optimization,VPG,329,61.31
2_step_optimization,VPG,330,61.55
2_step_optimization,VPG,331,60.18
2_step_optimization,VPG,332,60.64
2_step_optimization,VPG,333,61.03
2_step_optimization,VPG,334,60.12
2_step_optimization,VPG,335,54.24
2_step_optimization,VPG,336,60.49
2_step_optimization,VPG,337,59.92
2_step_optimization,VPG,338,60.31
2_step_optimization,VPG,339,60.37
2_step_optimization,VPG,340,60.84
2_step_optimization,VPG,341,57.76
2_step_optimization,VPG,342,60.36
2_step_optimization,VPG,343,60.53
2_step_optimization,VPG,344,60.18
2_step_optimization,VPG,345,58.78
2_step_optimization,VPG,346,60.59
2_step_optimization,VPG,347,59.4
2_step_optimization,VPG,348,59.57
2_step_optimization,VPG,349,60.15
2_step_optimization,VPG,350,56.61
2_step_optimization,VPG,351,59.25
2_step_optimization,VPG,352,60.81
2_step_optimization,VPG,353,59.56
2_step_optimization,VPG,354,59.93
2_step_optimization,VPG,355,59.48
2_step_optimization,VPG,356,59.28
2_step_optimization,VPG,357,59.02
2_step_optimization,VPG,358,60.69
2_step_optimization,VPG,359,58.9
2_step_optimization,VPG,360,59.78
2_step_optimization,VPG,361,60.7
2_step_optimization,VPG,362,59.91
2_step_optimization,VPG,363,61.24
2_step_optimization,VPG,364,56.39
2_step_optimization,VPG,365,60.03
2_step_optimization,VPG,366,59.78
2_step_optimization,VPG,367,57.55
2_step_optimization,VPG,368,55.64
2_step_optimization,VPG,369,53.64
2_step_optimization,VPG,370,54.66
2_step_optimization,VPG,371,54.43
2_step_optimization,VPG,372,60.59
2_step_optimization,VPG,373,60.79
2_step_optimization,VPG,374,59.33
2_step_optimization,VPG,375,57.92
2_step_optimization,VPG,376,60.33
2_step_optimization,VPG,377,60.64
2_step_optimization,VPG,378,54.85
2_step_optimization,VPG,379,60.7
2_step_optimization,VPG,380,60.32
2_step_optimization,VPG,381,59.87
2_step_optimization,VPG,382,60.39
2_step_optimization,VPG,383,60.46
2_step_optimization,VPG,384,60.9
2_step_optimization,VPG,385,60.23
2_step_optimization,VPG,386,61.28
2_step_optimization,VPG,387,60.46
2_step_optimization,VPG,388,61.76
2_step_optimization,VPG,389,61.35
2_step_optimization,VPG,390,62.07
2_step_optimization,VPG,391,61.41
2_step_optimization,VPG,392,60.24
2_step_optimization,VPG,393,61.29
2_step_optimization,VPG,394,62.1
2_step_optimization,VPG,395,60.62
2_step_optimization,VPG,396,61.26
2_step_optimization,VPG,397,62.13
2_step_optimization,VPG,398,62.16
2_step_optimization,VPG,399,61.33
2_step_optimization,VPG,400,61.39
2_step_optimization,VPG,401,61.9
2_step_optimization,VPG,402,61.89
2_step_optimization,VPG,403,60.64
2_step_optimization,VPG,404,60.6
2_step_optimization,VPG,405,61.87
2_step_optimization,VPG,406,61.85
2_step_optimization,VPG,407,60.61
2_step_optimization,VPG,408,60.76
2_step_optimization,VPG,409,59.71
2_step_optimization,VPG,410,59.89
2_step_optimization,VPG,411,61.52
2_step_optimization,VPG,412,61.42
2_step_optimization,VPG,413,60.42
2_step_optimization,VPG,414,61.49
2_step_optimization,VPG,415,60.5
2_step_optimization,VPG,416,60.96
2_step_optimization,VPG,417,60.49
2_step_optimization,VPG,418,61.42
2_step_optimization,VPG,419,61.55
2_step_optimization,VPG,420,60.23
2_step_optimization,VPG,421,60.28
2_step_optimization,VPG,422,60.76
2_step_optimization,VPG,423,56.72
2_step_optimization,VPG,424,61.66
2_step_optimization,VPG,425,60.09
2_step_optimization,VPG,426,60.14
2_step_optimization,VPG,427,60.63
2_step_optimization,VPG,428,60.16
2_step_optimization,VPG,429,60.14
2_step_optimization,VPG,430,59.95
2_step_optimization,VPG,431,60.08
2_step_optimization,VPG,432,58.95
2_step_optimization,VPG,433,59.7
2_step_optimization,VPG,434,59.45
2_step_optimization,VPG,435,59.59
2_step_optimization,VPG,436,59.01
2_step_optimization,VPG,437,57.08
2_step_optimization,VPG,438,59.61
2_step_optimization,VPG,439,60.29
2_step_optimization,VPG,440,59.4
2_step_optimization,VPG,441,59.52
2_step_optimization,VPG,442,59.3
2_step_optimization,VPG,443,57.81
2_step_optimization,VPG,444,58.33
2_step_optimization,VPG,445,58.54
2_step_optimization,VPG,446,53.83
2_step_optimization,VPG,447,60.07
2_step_optimization,VPG,448,58.97
2_step_optimization,VPG,449,59.63
2_step_optimization,VPG,450,54.83
2_step_optimization,VPG,451,59.69
2_step_optimization,VPG,452,59.47
2_step_optimization,VPG,453,58.86
2_step_optimization,VPG,454,59.1
2_step_optimization,VPG,455,52.9
2_step_optimization,VPG,456,58.23
2_step_optimization,VPG,457,57.91
2_step_optimization,VPG,458,58.75
2_step_optimization,VPG,459,57.75
2_step_optimization,VPG,460,53.56
2_step_optimization,VPG,461,59.25
2_step_optimization,VPG,462,59.52
2_step_optimization,VPG,463,58.17
2_step_optimization,VPG,464,58.8
2_step_optimization,VPG,465,55.36
2_step_optimization,VPG,466,58.58
2_step_optimization,VPG,467,57.65
2_step_optimization,VPG,468,60.27
2_step_optimization,VPG,469,59.29
2_step_optimization,VPG,470,60.68
2_step_optimization,VPG,471,59.98
2_step_optimization,VPG,472,59.54
2_step_optimization,VPG,473,61.03
2_step_optimization,VPG,474,60.6
2_step_optimization,VPG,475,60.6
2_step_optimization,VPG,476,60.81
2_step_optimization,VPG,477,60.89
2_step_optimization,VPG,478,59.69
2_step_optimization,VPG,479,61.32
2_step_optimization,VPG,480,60.83
2_step_optimization,VPG,481,58.74
2_step_optimization,VPG,482,62.29
2_step_optimization,VPG,483,61.85
2_step_optimization,VPG,484,60.18
2_step_optimization,VPG,485,60.81
2_step_optimization,VPG,486,60.93
2_step_optimization,VPG,487,61.09
2_step_optimization,VPG,488,61.2
2_step_optimization,VPG,489,60.8
2_step_optimization,VPG,490,61.19
2_step_optimization,VPG,491,60.25
2_step_optimization,VPG,492,60.34
2_step_optimization,VPG,493,59.55
2_step_optimization,VPG,494,60.1
2_step_optimization,VPG,495,60.99
2_step_optimization,VPG,496,60.54
2_step_optimization,VPG,497,60.47
2_step_optimization,VPG,498,59.55
2_step_optimization,VPG,499,60.58
2_step_optimization,VPG,500,59.59
2_step_optimization,VPG,501,61.12
2_step_optimization,VPG,502,61.42
2_step_optimization,VPG,503,61.8
2_step_optimization,VPG,504,59.92
2_step_optimization,VPG,505,61.92
2_step_optimization,VPG,506,60.98
2_step_optimization,VPG,507,60.21
2_step_optimization,VPG,508,62.12
2_step_optimization,VPG,509,61.23
2_step_optimization,VPG,510,61.33
2_step_optimization,VPG,511,61.77
2_step_optimization,VPG,512,61.6
2_step_optimization,VPG,513,55.81
2_step_optimization,VPG,514,61.6
2_step_optimization,VPG,515,60.82
2_step_optimization,VPG,516,61.91
2_step_optimization,VPG,517,61.32
2_step_optimization,VPG,518,59.48
2_step_optimization,VPG,519,55.22
2_step_optimization,VPG,520,60.52
2_step_optimization,VPG,521,61.94
2_step_optimization,VPG,522,60.88
2_step_optimization,VPG,523,60.47
2_step_optimization,VPG,524,61.0
2_step_optimization,VPG,525,61.21
2_step_optimization,VPG,526,61.21
2_step_optimization,VPG,527,61.97
2_step_optimization,VPG,528,60.72
2_step_optimization,VPG,529,61.28
2_step_optimization,VPG,530,61.3
2_step_optimization,VPG,531,61.46
2_step_optimization,VPG,532,59.67
2_step_optimization,VPG,533,60.51
2_step_optimization,VPG,534,60.85
2_step_optimization,VPG,535,60.36
2_step_optimization,VPG,536,59.48
2_step_optimization,VPG,537,60.02
2_step_optimization,VPG,538,60.98
2_step_optimization,VPG,539,61.72
2_step_optimization,VPG,540,56.66
2_step_optimization,VPG,541,60.49
2_step_optimization,VPG,542,60.98
2_step_optimization,VPG,543,61.74
2_step_optimization,VPG,544,61.22
2_step_optimization,VPG,545,60.72
2_step_optimization,VPG,546,60.23
2_step_optimization,VPG,547,60.84
2_step_optimization,VPG,548,61.9
2_step_optimization,VPG,549,60.29
2_step_optimization,VPG,550,60.13
2_step_optimization,VPG,551,58.45
2_step_optimization,VPG,552,54.38
2_step_optimization,VPG,553,60.3
2_step_optimization,VPG,554,60.27
2_step_optimization,VPG,555,60.62
2_step_optimization,VPG,556,54.79
2_step_optimization,VPG,557,59.73
2_step_optimization,VPG,558,60.31
2_step_optimization,VPG,559,59.56
2_step_optimization,VPG,560,59.84
2_step_optimization,VPG,561,60.44
2_step_optimization,VPG,562,59.69
2_step_optimization,VPG,563,59.7
2_step_optimization,VPG,564,61.01
2_step_optimization,VPG,565,60.57
2_step_optimization,VPG,566,60.5
2_step_optimization,VPG,567,59.91
2_step_optimization,VPG,568,59.66
2_step_optimization,VPG,569,59.58
2_step_optimization,VPG,570,58.95
2_step_optimization,VPG,571,59.92
2_step_optimization,VPG,572,59.03
2_step_optimization,VPG,573,57.04
2_step_optimization,VPG,574,58.79
2_step_optimization,VPG,575,55.44
2_step_optimization,VPG,576,54.16
2_step_optimization,VPG,577,58.72
2_step_optimization,VPG,578,60.45
2_step_optimization,VPG,579,59.36
2_step_optimization,VPG,580,61.22
2_step_optimization,VPG,581,61.15
2_step_optimization,VPG,582,61.01
2_step_optimization,VPG,583,60.84
2_step_optimization,VPG,584,59.1
2_step_optimization,VPG,585,60.01
2_step_optimization,VPG,586,60.61
2_step_optimization,VPG,587,58.52
2_step_optimization,VPG,588,56.09
2_step_optimization,VPG,589,54.96
2_step_optimization,VPG,590,61.56
2_step_optimization,VPG,591,60.32
2_step_optimization,VPG,592,56.7
2_step_optimization,VPG,593,59.69
2_step_optimization,VPG,594,58.5
2_step_optimization,VPG,595,60.23
2_step_optimization,VPG,596,61.48
2_step_optimization,VPG,597,60.95
2_step_optimization,VPG,598,60.6
2_step_optimization,VPG,599,59.86
2_step_optimization,VPG,600,59.77
2_step_optimization,VPG,601,61.31
2_step_optimization,VPG,602,60.66
2_step_optimization,VPG,603,60.39
2_step_optimization,VPG,604,60.54
2_step_optimization,VPG,605,54.87
2_step_optimization,VPG,606,60.51
2_step_optimization,VPG,607,61.23
2_step_optimization,VPG,608,60.51
2_step_optimization,VPG,609,60.51
2_step_optimization,VPG,610,60.87
2_step_optimization,VPG,611,62.09
2_step_optimization,VPG,612,61.22
2_step_optimization,VPG,613,61.69
2_step_optimization,VPG,614,61.73
2_step_optimization,VPG,615,61.08
2_step_optimization,VPG,616,60.29
2_step_optimization,VPG,617,61.55
2_step_optimization,VPG,618,61.4
2_step_optimization,VPG,619,61.03
2_step_optimization,VPG,620,61.06
2_step_optimization,VPG,621,59.79
2_step_optimization,VPG,622,60.45
2_step_optimization,VPG,623,60.89
2_step_optimization,VPG,624,59.02
2_step_optimization,VPG,625,61.6
2_step_optimization,VPG,626,60.55
2_step_optimization,VPG,627,61.88
2_step_optimization,VPG,628,61.3
2_step_optimization,VPG,629,61.98
2_step_optimization,VPG,630,60.6
2_step_optimization,VPG,631,61.94
2_step_optimization,VPG,632,60.67
2_step_optimization,VPG,633,59.41
2_step_optimization,VPG,634,61.52
2_step_optimization,VPG,635,62.18
2_step_optimization,VPG,636,60.84
2_step_optimization,VPG,637,61.64
2_step_optimization,VPG,638,61.61
2_step_optimization,VPG,639,61.1
2_step_optimization,VPG,640,61.15
2_step_optimization,VPG,641,60.15
2_step_optimization,VPG,642,61.04
2_step_optimization,VPG,643,60.59
2_step_optimization,VPG,644,60.09
2_step_optimization,VPG,645,61.21
2_step_optimization,VPG,646,56.43
2_step_optimization,VPG,647,60.61
2_step_optimization,VPG,648,61.36
2_step_optimization,VPG,649,61.3
2_step_optimization,VPG,650,60.74
2_step_optimization,VPG,651,60.08
2_step_optimization,VPG,652,60.75
2_step_optimization,VPG,653,62.68
2_step_optimization,VPG,654,60.72
2_step_optimization,VPG,655,60.89
2_step_optimization,VPG,656,61.15
2_step_optimization,VPG,657,61.76
2_step_optimization,VPG,658,61.96
2_step_optimization,VPG,659,61.55
2_step_optimization,VPG,660,60.45
2_step_optimization,VPG,661,61.3
2_step_optimization,VPG,662,61.1
2_step_optimization,VPG,663,62.24
2_step_optimization,VPG,664,60.04
2_step_optimization,VPG,665,61.43
2_step_optimization,VPG,666,61.94
2_step_optimization,VPG,667,62.61
2_step_optimization,VPG,668,60.57
2_step_optimization,VPG,669,61.99
2_step_optimization,VPG,670,61.64
2_step_optimization,VPG,671,61.71
2_step_optimization,VPG,672,61.41
2_step_optimization,VPG,673,61.98
2_step_optimization,VPG,674,62.19
2_step_optimization,VPG,675,61.46
2_step_optimization,VPG,676,61.43
2_step_optimization,VPG,677,61.89
2_step_optimization,VPG,678,62.22
2_step_optimization,VPG,679,60.37
2_step_optimization,VPG,680,61.92
2_step_optimization,VPG,681,61.15
2_step_optimization,VPG,682,61.24
2_step_optimization,VPG,683,60.2
2_step_optimization,VPG,684,60.95
2_step_optimization,VPG,685,60.59
2_step_optimization,VPG,686,62.13
2_step_optimization,VPG,687,62.39
2_step_optimization,VPG,688,61.29
2_step_optimization,VPG,689,60.43
2_step_optimization,VPG,690,61.1
2_step_optimization,VPG,691,60.83
2_step_optimization,VPG,692,60.31
2_step_optimization,VPG,693,61.33
2_step_optimization,VPG,694,56.1
2_step_optimization,VPG,695,62.0
2_step_optimization,VPG,696,55.88
2_step_optimization,VPG,697,55.79
2_step_optimization,VPG,698,59.64
2_step_optimization,VPG,699,61.52
2_step_optimization,VPG,700,60.27
2_step_optimization,VPG,701,61.78
2_step_optimization,VPG,702,61.14
2_step_optimization,VPG,703,60.36
2_step_optimization,VPG,704,62.3
2_step_optimization,VPG,705,61.02
2_step_optimization,VPG,706,60.08
2_step_optimization,VPG,707,60.67
2_step_optimization,VPG,708,58.86
2_step_optimization,VPG,709,58.3
2_step_optimization,VPG,710,60.75
2_step_optimization,VPG,711,58.96
2_step_optimization,VPG,712,59.55
2_step_optimization,VPG,713,60.31
2_step_optimization,VPG,714,60.26
2_step_optimization,VPG,715,60.61
2_step_optimization,VPG,716,56.24
2_step_optimization,VPG,717,58.97
2_step_optimization,VPG,718,55.03
2_step_optimization,VPG,719,58.19
2_step_optimization,VPG,720,59.35
2_step_optimization,VPG,721,59.59
2_step_optimization,VPG,722,60.03
2_step_optimization,VPG,723,59.12
2_step_optimization,VPG,724,60.57
2_step_optimization,VPG,725,61.5
2_step_optimization,VPG,726,55.62
2_step_optimization,VPG,727,60.8
2_step_optimization,VPG,728,58.9
2_step_optimization,VPG,729,61.46
2_step_optimization,VPG,730,60.94
2_step_optimization,VPG,731,54.39
2_step_optimization,VPG,732,59.72
2_step_optimization,VPG,733,59.6
2_step_optimization,VPG,734,60.87
2_step_optimization,VPG,735,55.61
2_step_optimization,VPG,736,61.18
2_step_optimization,VPG,737,57.46
2_step_optimization,VPG,738,60.96
2_step_optimization,VPG,739,60.13
2_step_optimization,VPG,740,59.18
2_step_optimization,VPG,741,58.8
2_step_optimization,VPG,742,60.24
2_step_optimization,VPG,743,60.06
2_step_optimization,VPG,744,60.5
2_step_optimization,VPG,745,60.34
2_step_optimization,VPG,746,59.54
2_step_optimization,VPG,747,60.83
2_step_optimization,VPG,748,62.08
2_step_optimization,VPG,749,58.81
2_step_optimization,VPG,750,57.91
2_step_optimization,VPG,751,60.34
2_step_optimization,VPG,752,58.97
2_step_optimization,VPG,753,60.71
2_step_optimization,VPG,754,60.68
2_step_optimization,VPG,755,59.61
2_step_optimization,VPG,756,61.79
2_step_optimization,VPG,757,60.15
2_step_optimization,VPG,758,59.47
2_step_optimization,VPG,759,60.53
2_step_optimization,VPG,760,60.32
2_step_optimization,VPG,761,61.01
2_step_optimization,VPG,762,58.94
2_step_optimization,VPG,763,59.07
2_step_optimization,VPG,764,59.79
2_step_optimization,VPG,765,60.62
2_step_optimization,VPG,766,55.85
2_step_optimization,VPG,767,61.4
2_step_optimization,VPG,768,59.55
2_step_optimization,VPG,769,59.73
2_step_optimization,VPG,770,59.93
2_step_optimization,VPG,771,55.89
2_step_optimization,VPG,772,53.53
2_step_optimization,VPG,773,59.18
2_step_optimization,VPG,774,59.86
2_step_optimization,VPG,775,59.5
2_step_optimization,VPG,776,59.83
2_step_optimization,VPG,777,54.55
2_step_optimization,VPG,778,54.4
2_step_optimization,VPG,779,57.44
2_step_optimization,VPG,780,57.92
2_step_optimization,VPG,781,58.27
2_step_optimization,VPG,782,59.9
2_step_optimization,VPG,783,51.78
2_step_optimization,VPG,784,55.44
2_step_optimization,VPG,785,52.44
2_step_optimization,VPG,786,49.54
2_step_optimization,VPG,787,52.3
2_step_optimization,VPG,788,51.97
2_step_optimization,VPG,789,46.88
2_step_optimization,VPG,790,55.12
2_step_optimization,VPG,791,48.18
2_step_optimization,VPG,792,49.4
2_step_optimization,VPG,793,46.21
2_step_optimization,VPG,794,44.44
2_step_optimization,VPG,795,54.71
2_step_optimization,VPG,796,52.62
2_step_optimization,VPG,797,52.01
2_step_optimization,VPG,798,50.11
2_step_optimization,VPG,799,53.8
2_step_optimization,VPG,800,45.91
2_step_optimization,VPG,801,51.64
2_step_optimization,VPG,802,52.27
2_step_optimization,VPG,803,47.24
2_step_optimization,VPG,804,48.59
2_step_optimization,VPG,805,44.76
2_step_optimization,VPG,806,46.37
2_step_optimization,VPG,807,44.91
2_step_optimization,VPG,808,44.9
2_step_optimization,VPG,809,52.19
2_step_optimization,VPG,810,45.67
2_step_optimization,VPG,811,43.52
2_step_optimization,VPG,812,41.59
2_step_optimization,VPG,813,41.9
2_step_optimization,VPG,814,50.38
2_step_optimization,VPG,815,44.32
2_step_optimization,VPG,816,44.58
2_step_optimization,VPG,817,43.73
2_step_optimization,VPG,818,39.86
2_step_optimization,VPG,819,40.91
2_step_optimization,VPG,820,45.98
2_step_optimization,VPG,821,39.87
2_step_optimization,VPG,822,39.16
2_step_optimization,VPG,823,41.57
2_step_optimization,VPG,824,33.51
2_step_optimization,VPG,825,29.53
2_step_optimization,VPG,826,25.73
2_step_optimization,VPG,827,29.43
2_step_optimization,VPG,828,26.73
2_step_optimization,VPG,829,28.43
2_step_optimization,VPG,830,26.6
2_step_optimization,VPG,831,24.35
2_step_optimization,VPG,832,31.69
2_step_optimization,VPG,833,28.5
2_step_optimization,VPG,834,25.1
2_step_optimization,VPG,835,23.65
2_step_optimization,VPG,836,23.85
2_step_optimization,VPG,837,20.77
2_step_optimization,VPG,838,22.55
2_step_optimization,VPG,839,19.03
2_step_optimization,VPG,840,16.09
2_step_optimization,VPG,841,19.52
2_step_optimization,VPG,842,20.25
2_step_optimization,VPG,843,28.47
2_step_optimization,VPG,844,33.21
2_step_optimization,VPG,845,33.05
2_step_optimization,VPG,846,31.92
2_step_optimization,VPG,847,34.21
2_step_optimization,VPG,848,32.04
2_step_optimization,VPG,849,26.58
2_step_optimization,VPG,850,30.31
2_step_optimization,VPG,851,26.5
2_step_optimization,VPG,852,28.04
2_step_optimization,VPG,853,26.59
2_step_optimization,VPG,854,29.28
2_step_optimization,VPG,855,25.12
2_step_optimization,VPG,856,28.16
2_step_optimization,VPG,857,24.38
2_step_optimization,VPG,858,28.82
2_step_optimization,VPG,859,27.1
2_step_optimization,VPG,860,21.86
2_step_optimization,VPG,861,25.38
2_step_optimization,VPG,862,22.06
2_step_optimization,VPG,863,24.24
2_step_optimization,VPG,864,24.32
2_step_optimization,VPG,865,19.6
2_step_optimization,VPG,866,19.61
2_step_optimization,VPG,867,22.56
2_step_optimization,VPG,868,22.84
2_step_optimization,VPG,869,27.09
2_step_optimization,VPG,870,22.08
2_step_optimization,VPG,871,18.8
2_step_optimization,VPG,872,18.49
2_step_optimization,VPG,873,18.59
2_step_optimization,VPG,874,19.88
2_step_optimization,VPG,875,19.96
2_step_optimization,VPG,876,20.22
2_step_optimization,VPG,877,19.87
2_step_optimization,VPG,878,23.58
2_step_optimization,VPG,879,24.14
2_step_optimization,VPG,880,24.44
2_step_optimization,VPG,881,25.14
2_step_optimization,VPG,882,23.75
2_step_optimization,VPG,883,26.27
2_step_optimization,VPG,884,23.33
2_step_optimization,VPG,885,21.59
2_step_optimization,VPG,886,21.62
2_step_optimization,VPG,887,22.61
2_step_optimization,VPG,888,24.25
2_step_optimization,VPG,889,19.34
2_step_optimization,VPG,890,23.63
2_step_optimization,VPG,891,20.62
2_step_optimization,VPG,892,22.3
2_step_optimization,VPG,893,19.72
2_step_optimization,VPG,894,21.0
2_step_optimization,VPG,895,19.05
2_step_optimization,VPG,896,19.94
2_step_optimization,VPG,897,18.04
2_step_optimization,VPG,898,19.04
2_step_optimization,VPG,899,18.18
2_step_optimization,VPG,900,14.47
2_step_optimization,VPG,901,18.58
2_step_optimization,VPG,902,19.86
2_step_optimization,VPG,903,17.6
2_step_optimization,VPG,904,16.17
2_step_optimization,VPG,905,18.78
2_step_optimization,VPG,906,17.35
2_step_optimization,VPG,907,18.09
2_step_optimization,VPG,908,17.67
2_step_optimization,VPG,909,17.41
2_step_optimization,VPG,910,21.31
2_step_optimization,VPG,911,19.64
2_step_optimization,VPG,912,20.67
2_step_optimization,VPG,913,21.5
2_step_optimization,VPG,914,25.4
2_step_optimization,VPG,915,25.67
2_step_optimization,VPG,916,24.99
2_step_optimization,VPG,917,21.57
2_step_optimization,VPG,918,25.31
2_step_optimization,VPG,919,22.19
2_step_optimization,VPG,920,23.18
2_step_optimization,VPG,921,27.3
2_step_optimization,VPG,922,27.07
2_step_optimization,VPG,923,25.11
2_step_optimization,VPG,924,30.49
2_step_optimization,VPG,925,25.6
2_step_optimization,VPG,926,25.29
2_step_optimization,VPG,927,22.95
2_step_optimization,VPG,928,25.73
2_step_optimization,VPG,929,25.36
2_step_optimization,VPG,930,22.77
2_step_optimization,VPG,931,18.53
2_step_optimization,VPG,932,23.3
2_step_optimization,VPG,933,19.52
2_step_optimization,VPG,934,18.38
2_step_optimization,VPG,935,19.83
2_step_optimization,VPG,936,16.58
2_step_optimization,VPG,937,18.4
2_step_optimization,VPG,938,17.83
2_step_optimization,VPG,939,18.94
2_step_optimization,VPG,940,17.63
2_step_optimization,VPG,941,20.24
2_step_optimization,VPG,942,19.21
2_step_optimization,VPG,943,22.5
2_step_optimization,VPG,944,27.91
2_step_optimization,VPG,945,27.04
2_step_optimization,VPG,946,28.13
2_step_optimization,VPG,947,29.65
2_step_optimization,VPG,948,35.46
2_step_optimization,VPG,949,39.92
2_step_optimization,VPG,950,42.36
2_step_optimization,VPG,951,49.5
2_step_optimization,VPG,952,54.42
2_step_optimization,VPG,953,54.02
2_step_optimization,VPG,954,56.13
2_step_optimization,VPG,955,56.93
2_step_optimization,VPG,956,59.06
2_step_optimization,VPG,957,61.66
2_step_optimization,VPG,958,66.94
2_step_optimization,VPG,959,65.38
2_step_optimization,VPG,960,65.13
2_step_optimization,VPG,961,68.49
2_step_optimization,VPG,962,70.74
2_step_optimization,VPG,963,69.55
2_step_optimization,VPG,964,70.04
2_step_optimization,VPG,965,71.22
2_step_optimization,VPG,966,69.03
2_step_optimization,VPG,967,70.95
2_step_optimization,VPG,968,70.56
2_step_optimization,VPG,969,72.65
2_step_optimization,VPG,970,72.62
2_step_optimization,VPG,971,72.11
2_step_optimization,VPG,972,71.89
2_step_optimization,VPG,973,73.36
2_step_optimization,VPG,974,74.47
2_step_optimization,VPG,975,74.18
2_step_optimization,VPG,976,75.04
2_step_optimization,VPG,977,74.76
2_step_optimization,VPG,978,75.09
2_step_optimization,VPG,979,74.51
2_step_optimization,VPG,980,74.49
2_step_optimization,VPG,981,74.86
2_step_optimization,VPG,982,74.53
2_step_optimization,VPG,983,74.43
2_step_optimization,VPG,984,74.47
2_step_optimization,VPG,985,74.17
2_step_optimization,VPG,986,74.59
2_step_optimization,VPG,987,74.75
2_step_optimization,VPG,988,75.07
2_step_optimization,VPG,989,73.54
2_step_optimization,VPG,990,74.44
2_step_optimization,VPG,991,72.1
2_step_optimization,VPG,992,74.06
2_step_optimization,VPG,993,74.48
2_step_optimization,VPG,994,73.98
2_step_optimization,VPG,995,74.13
2_step_optimization,VPG,996,71.47
2_step_optimization,VPG,997,74.3
2_step_optimization,VPG,998,74.4
2_step_optimization,VPG,999,74.23
2_step_optimization,VPG,1000,75.07
2_step_optimization,VPG,1001,73.71
2_step_optimization,VPG,1002,73.74
2_step_optimization,VPG,1003,73.95
2_step_optimization,VPG,1004,73.83
2_step_optimization,VPG,1005,73.85
2_step_optimization,VPG,1006,71.4
2_step_optimization,VPG,1007,73.54
2_step_optimization,VPG,1008,74.22
2_step_optimization,VPG,1009,73.64
2_step_optimization,VPG,1010,72.73
2_step_optimization,VPG,1011,73.04
2_step_optimization,VPG,1012,74.39
2_step_optimization,VPG,1013,72.83
2_step_optimization,VPG,1014,72.17
2_step_optimization,VPG,1015,72.51
2_step_optimization,VPG,1016,73.85
2_step_optimization,VPG,1017,73.57
2_step_optimization,VPG,1018,72.89
2_step_optimization,VPG,1019,72.37
2_step_optimization,VPG,1020,72.05
2_step_optimization,VPG,1021,73.57
2_step_optimization,VPG,1022,72.88
2_step_optimization,VPG,1023,73.27
2_step_optimization,VPG,1024,73.11
2_step_optimization,VPG,1025,73.39
2_step_optimization,VPG,1026,73.33
2_step_optimization,VPG,1027,71.81
2_step_optimization,VPG,1028,74.08
2_step_optimization,VPG,1029,72.53
2_step_optimization,VPG,1030,74.33
2_step_optimization,VPG,1031,71.98
2_step_optimization,VPG,1032,71.9
2_step_optimization,VPG,1033,74.31
2_step_optimization,VPG,1034,73.75
2_step_optimization,VPG,1035,73.48
2_step_optimization,VPG,1036,73.72
2_step_optimization,VPG,1037,73.58
2_step_optimization,VPG,1038,73.96
2_step_optimization,VPG,1039,73.37
2_step_optimization,VPG,1040,74.14
2_step_optimization,VPG,1041,73.52
2_step_optimization,VPG,1042,74.06
2_step_optimization,VPG,1043,73.47
2_step_optimization,VPG,1044,73.94
2_step_optimization,VPG,1045,73.72
2_step_optimization,VPG,1046,74.64
2_step_optimization,VPG,1047,74.62
2_step_optimization,VPG,1048,73.75
2_step_optimization,VPG,1049,73.46
2_step_optimization,VPG,1050,74.88
2_step_optimization,VPG,1051,74.49
2_step_optimization,VPG,1052,73.41
2_step_optimization,VPG,1053,73.93
2_step_optimization,VPG,1054,74.3
2_step_optimization,VPG,1055,74.58
2_step_optimization,VPG,1056,74.24
2_step_optimization,VPG,1057,73.82
2_step_optimization,VPG,1058,75.06
2_step_optimization,VPG,1059,74.8
2_step_optimization,VPG,1060,75.12
2_step_optimization,VPG,1061,74.66
2_step_optimization,VPG,1062,75.09
2_step_optimization,VPG,1063,75.47
2_step_optimization,VPG,1064,74.7
2_step_optimization,VPG,1065,74.64
2_step_optimization,VPG,1066,74.66
2_step_optimization,VPG,1067,74.21
2_step_optimization,VPG,1068,74.96
2_step_optimization,VPG,1069,75.0
2_step_optimization,VPG,1070,75.3
2_step_optimization,VPG,1071,74.91
2_step_optimization,VPG,1072,75.0
2_step_optimization,VPG,1073,74.81
2_step_optimization,VPG,1074,75.3
2_step_optimization,VPG,1075,75.3
2_step_optimization,VPG,1076,74.47
2_step_optimization,VPG,1077,74.56
2_step_optimization,VPG,1078,74.67
2_step_optimization,VPG,1079,74.81
2_step_optimization,VPG,1080,74.68
2_step_optimization,VPG,1081,74.67
2_step_optimization,VPG,1082,74.7
2_step_optimization,VPG,1083,74.69
2_step_optimization,VPG,1084,75.05
2_step_optimization,VPG,1085,74.08
2_step_optimization,VPG,1086,74.52
2_step_optimization,VPG,1087,73.75
2_step_optimization,VPG,1088,73.81
2_step_optimization,VPG,1089,73.4
2_step_optimization,VPG,1090,74.38
2_step_optimization,VPG,1091,74.07
2_step_optimization,VPG,1092,75.12
2_step_optimization,VPG,1093,73.83
2_step_optimization,VPG,1094,74.7
2_step_optimization,VPG,1095,74.07
2_step_optimization,VPG,1096,74.45
2_step_optimization,VPG,1097,73.56
2_step_optimization,VPG,1098,75.1
2_step_optimization,VPG,1099,74.02
2_step_optimization,VPG,1100,73.92
2_step_optimization,VPG,1101,74.88
2_step_optimization,VPG,1102,74.54
2_step_optimization,VPG,1103,75.3
2_step_optimization,VPG,1104,74.47
2_step_optimization,VPG,1105,74.13
2_step_optimization,VPG,1106,73.74
2_step_optimization,VPG,1107,74.07
2_step_optimization,VPG,1108,74.95
2_step_optimization,VPG,1109,74.33
2_step_optimization,VPG,1110,75.25
2_step_optimization,VPG,1111,73.77
2_step_optimization,VPG,1112,73.97
2_step_optimization,VPG,1113,73.49
2_step_optimization,VPG,1114,75.3
2_step_optimization,VPG,1115,75.33
2_step_optimization,VPG,1116,75.08
2_step_optimization,VPG,1117,73.92
2_step_optimization,VPG,1118,74.85
2_step_optimization,VPG,1119,75.07
2_step_optimization,VPG,1120,74.02
2_step_optimization,VPG,1121,75.3
2_step_optimization,VPG,1122,74.06
2_step_optimization,VPG,1123,74.41
2_step_optimization,VPG,1124,74.88
2_step_optimization,VPG,1125,74.88
2_step_optimization,VPG,1126,74.79
2_step_optimization,VPG,1127,74.03
2_step_optimization,VPG,1128,74.8
2_step_optimization,VPG,1129,74.94
2_step_optimization,VPG,1130,74.9
2_step_optimization,VPG,1131,74.63
2_step_optimization,VPG,1132,72.96
2_step_optimization,VPG,1133,74.62
2_step_optimization,VPG,1134,74.19
2_step_optimization,VPG,1135,74.85
2_step_optimization,VPG,1136,74.05
2_step_optimization,VPG,1137,74.08
2_step_optimization,VPG,1138,72.99
2_step_optimization,VPG,1139,73.22
2_step_optimization,VPG,1140,73.58
2_step_optimization,VPG,1141,73.28
2_step_optimization,VPG,1142,73.52
2_step_optimization,VPG,1143,74.78
2_step_optimization,VPG,1144,72.41
2_step_optimization,VPG,1145,74.34
2_step_optimization,VPG,1146,72.51
2_step_optimization,VPG,1147,74.01
2_step_optimization,VPG,1148,72.86
2_step_optimization,VPG,1149,72.23
2_step_optimization,VPG,1150,72.96
2_step_optimization,VPG,1151,72.26
2_step_optimization,VPG,1152,72.5
2_step_optimization,VPG,1153,74.58
2_step_optimization,VPG,1154,73.93
2_step_optimization,VPG,1155,72.82
2_step_optimization,VPG,1156,73.44
2_step_optimization,VPG,1157,73.02
2_step_optimization,VPG,1158,73.02
2_step_optimization,VPG,1159,72.29
2_step_optimization,VPG,1160,71.87
2_step_optimization,VPG,1161,73.2
2_step_optimization,VPG,1162,72.37
2_step_optimization,VPG,1163,73.42
2_step_optimization,VPG,1164,74.41
2_step_optimization,VPG,1165,73.48
2_step_optimization,VPG,1166,73.91
2_step_optimization,VPG,1167,71.97
2_step_optimization,VPG,1168,74.85
2_step_optimization,VPG,1169,73.43
2_step_optimization,VPG,1170,72.57
2_step_optimization,VPG,1171,73.98
2_step_optimization,VPG,1172,72.93
2_step_optimization,VPG,1173,74.25
2_step_optimization,VPG,1174,75.3
2_step_optimization,VPG,1175,73.64
2_step_optimization,VPG,1176,74.47
2_step_optimization,VPG,1177,74.6
2_step_optimization,VPG,1178,73.7
2_step_optimization,VPG,1179,74.96
2_step_optimization,VPG,1180,73.95
2_step_optimization,VPG,1181,74.58
2_step_optimization,VPG,1182,74.06
2_step_optimization,VPG,1183,75.3
2_step_optimization,VPG,1184,74.88
2_step_optimization,VPG,1185,75.3
2_step_optimization,VPG,1186,74.88
2_step_optimization,VPG,1187,75.02
2_step_optimization,VPG,1188,75.0
2_step_optimization,VPG,1189,75.04
2_step_optimization,VPG,1190,74.91
2_step_optimization,VPG,1191,74.77
2_step_optimization,VPG,1192,75.3
2_step_optimization,VPG,1193,74.88
2_step_optimization,VPG,1194,74.55
2_step_optimization,VPG,1195,74.76
2_step_optimization,VPG,1196,74.86
2_step_optimization,VPG,1197,74.96
2_step_optimization,VPG,1198,75.04
2_step_optimization,VPG,1199,74.63
2_step_optimization,VPG,1200,74.87
2_step_optimization,VPG,1201,75.08
2_step_optimization,VPG,1202,74.06
2_step_optimization,VPG,1203,74.35
2_step_optimization,VPG,1204,74.37
2_step_optimization,VPG,1205,74.58
2_step_optimization,VPG,1206,74.97
2_step_optimization,VPG,1207,74.88
2_step_optimization,VPG,1208,74.24
2_step_optimization,VPG,1209,73.56
2_step_optimization,VPG,1210,74.48
2_step_optimization,VPG,1211,74.7
2_step_optimization,VPG,1212,74.86
2_step_optimization,VPG,1213,73.88
2_step_optimization,VPG,1214,74.45
2_step_optimization,VPG,1215,74.76
2_step_optimization,VPG,1216,74.89
2_step_optimization,VPG,1217,74.74
2_step_optimization,VPG,1218,75.0
2_step_optimization,VPG,1219,74.5
2_step_optimization,VPG,1220,74.97
2_step_optimization,VPG,1221,75.3
2_step_optimization,VPG,1222,74.67
2_step_optimization,VPG,1223,74.55
2_step_optimization,VPG,1224,74.88
2_step_optimization,VPG,1225,74.8
2_step_optimization,VPG,1226,75.3
2_step_optimization,VPG,1227,74.42
2_step_optimization,VPG,1228,74.54
2_step_optimization,VPG,1229,74.66
2_step_optimization,VPG,1230,75.07
2_step_optimization,VPG,1231,75.08
2_step_optimization,VPG,1232,74.78
2_step_optimization,VPG,1233,74.96
2_step_optimization,VPG,1234,75.3
2_step_optimization,VPG,1235,75.08
2_step_optimization,VPG,1236,75.37
2_step_optimization,VPG,1237,75.17
2_step_optimization,VPG,1238,75.3
2_step_optimization,VPG,1239,75.3
2_step_optimization,VPG,1240,75.3
2_step_optimization,VPG,1241,75.3
2_step_optimization,VPG,1242,75.3
2_step_optimization,VPG,1243,75.06
2_step_optimization,VPG,1244,74.98
2_step_optimization,VPG,1245,75.19
2_step_optimization,VPG,1246,75.0
2_step_optimization,VPG,1247,75.09
2_step_optimization,VPG,1248,75.09
2_step_optimization,VPG,1249,75.3
2_step_optimization,VPG,1250,75.53
2_step_optimization,VPG,1251,75.3
2_step_optimization,VPG,1252,75.3
2_step_optimization,VPG,1253,75.3
2_step_optimization,VPG,1254,74.95
2_step_optimization,VPG,1255,74.97
2_step_optimization,VPG,1256,75.3
2_step_optimization,VPG,1257,75.19
2_step_optimization,VPG,1258,75.07
2_step_optimization,VPG,1259,75.3
2_step_optimization,VPG,1260,75.0
2_step_optimization,VPG,1261,75.05
2_step_optimization,VPG,1262,74.88
2_step_optimization,VPG,1263,75.08
2_step_optimization,VPG,1264,75.3
2_step_optimization,VPG,1265,75.3
2_step_optimization,VPG,1266,74.58
2_step_optimization,VPG,1267,74.88
2_step_optimization,VPG,1268,75.3
2_step_optimization,VPG,1269,74.64
2_step_optimization,VPG,1270,74.8
2_step_optimization,VPG,1271,75.3
2_step_optimization,VPG,1272,74.64
2_step_optimization,VPG,1273,75.3
2_step_optimization,VPG,1274,75.3
2_step_optimization,VPG,1275,75.12
2_step_optimization,VPG,1276,74.97
2_step_optimization,VPG,1277,75.3
2_step_optimization,VPG,1278,75.08
2_step_optimization,VPG,1279,74.88
2_step_optimization,VPG,1280,75.3
2_step_optimization,VPG,1281,75.3
2_step_optimization,VPG,1282,75.3
2_step_optimization,VPG,1283,75.3
2_step_optimization,VPG,1284,75.3
2_step_optimization,VPG,1285,75.3
2_step_optimization,VPG,1286,75.3
2_step_optimization,VPG,1287,75.3
2_step_optimization,VPG,1288,75.07
2_step_optimization,VPG,1289,75.3
2_step_optimization,VPG,1290,74.86
2_step_optimization,VPG,1291,75.3
2_step_optimization,VPG,1292,75.3
2_step_optimization,VPG,1293,75.3
2_step_optimization,VPG,1294,75.3
2_step_optimization,VPG,1295,75.3
2_step_optimization,VPG,1296,75.3
2_step_optimization,VPG,1297,75.3
2_step_optimization,VPG,1298,75.3
2_step_optimization,VPG,1299,75.3
2_step_optimization,VPG,1300,75.12
2_step_optimization,VPG,1301,74.88
2_step_optimization,VPG,1302,75.3
2_step_optimization,VPG,1303,75.3
2_step_optimization,VPG,1304,75.3
2_step_optimization,VPG,1305,75.3
2_step_optimization,VPG,1306,75.0
2_step_optimization,VPG,1307,75.3
2_step_optimization,VPG,1308,75.3
2_step_optimization,VPG,1309,75.3
2_step_optimization,VPG,1310,75.3
2_step_optimization,VPG,1311,75.3
2_step_optimization,VPG,1312,75.3
2_step_optimization,VPG,1313,75.3
2_step_optimization,VPG,1314,75.3
2_step_optimization,VPG,1315,75.3
2_step_optimization,VPG,1316,75.3
2_step_optimization,VPG,1317,75.3
2_step_optimization,VPG,1318,75.3
2_step_optimization,VPG,1319,75.49
2_step_optimization,VPG,1320,75.3
2_step_optimization,VPG,1321,75.3
2_step_optimization,VPG,1322,75.3
2_step_optimization,VPG,1323,75.08
2_step_optimization,VPG,1324,75.0
2_step_optimization,VPG,1325,75.3
2_step_optimization,VPG,1326,75.3
2_step_optimization,VPG,1327,74.77
2_step_optimization,VPG,1328,75.3
2_step_optimization,VPG,1329,75.3
2_step_optimization,VPG,1330,75.08
2_step_optimization,VPG,1331,75.3
2_step_optimization,VPG,1332,75.3
2_step_optimization,VPG,1333,75.3
2_step_optimization,VPG,1334,75.3
2_step_optimization,VPG,1335,75.19
2_step_optimization,VPG,1336,75.3
2_step_optimization,VPG,1337,75.3
2_step_optimization,VPG,1338,75.3
2_step_optimization,VPG,1339,75.3
2_step_optimization,VPG,1340,75.3
2_step_optimization,VPG,1341,74.88
2_step_optimization,VPG,1342,75.3
2_step_optimization,VPG,1343,75.11
2_step_optimization,VPG,1344,75.3
2_step_optimization,VPG,1345,75.34
2_step_optimization,VPG,1346,75.3
2_step_optimization,VPG,1347,75.3
2_step_optimization,VPG,1348,75.3
2_step_optimization,VPG,1349,75.08
2_step_optimization,VPG,1350,74.88
2_step_optimization,VPG,1351,75.3
2_step_optimization,VPG,1352,75.3
2_step_optimization,VPG,1353,74.66
2_step_optimization,VPG,1354,75.08
2_step_optimization,VPG,1355,75.3
2_step_optimization,VPG,1356,75.3
2_step_optimization,VPG,1357,75.3
2_step_optimization,VPG,1358,75.3
2_step_optimization,VPG,1359,75.07
2_step_optimization,VPG,1360,75.3
2_step_optimization,VPG,1361,75.12
2_step_optimization,VPG,1362,75.34
2_step_optimization,VPG,1363,75.07
2_step_optimization,VPG,1364,75.3
2_step_optimization,VPG,1365,75.13
2_step_optimization,VPG,1366,75.3
2_step_optimization,VPG,1367,75.3
2_step_optimization,VPG,1368,75.3
2_step_optimization,VPG,1369,75.3
2_step_optimization,VPG,1370,75.3
2_step_optimization,VPG,1371,75.3
2_step_optimization,VPG,1372,75.08
2_step_optimization,VPG,1373,75.3
2_step_optimization,VPG,1374,75.07
2_step_optimization,VPG,1375,75.12
2_step_optimization,VPG,1376,75.0
2_step_optimization,VPG,1377,75.3
2_step_optimization,VPG,1378,75.3
2_step_optimization,VPG,1379,75.3
2_step_optimization,VPG,1380,75.3
2_step_optimization,VPG,1381,74.97
2_step_optimization,VPG,1382,75.08
2_step_optimization,VPG,1383,75.0
2_step_optimization,VPG,1384,75.51
2_step_optimization,VPG,1385,75.12
2_step_optimization,VPG,1386,74.88
2_step_optimization,VPG,1387,75.3
2_step_optimization,VPG,1388,74.97
2_step_optimization,VPG,1389,75.3
2_step_optimization,VPG,1390,75.3
2_step_optimization,VPG,1391,75.3
2_step_optimization,VPG,1392,75.3
2_step_optimization,VPG,1393,75.3
2_step_optimization,VPG,1394,75.3
2_step_optimization,VPG,1395,75.3
2_step_optimization,VPG,1396,75.3
2_step_optimization,VPG,1397,75.3
2_step_optimization,VPG,1398,75.3
2_step_optimization,VPG,1399,75.3
2_step_optimization,VPG,1400,75.3
2_step_optimization,VPG,1401,75.12
2_step_optimization,VPG,1402,75.3
2_step_optimization,VPG,1403,74.88
2_step_optimization,VPG,1404,74.97
2_step_optimization,VPG,1405,75.3
2_step_optimization,VPG,1406,75.3
2_step_optimization,VPG,1407,75.3
2_step_optimization,VPG,1408,75.3
2_step_optimization,VPG,1409,75.3
2_step_optimization,VPG,1410,75.06
2_step_optimization,VPG,1411,75.07
2_step_optimization,VPG,1412,75.3
2_step_optimization,VPG,1413,75.3
2_step_optimization,VPG,1414,75.28
2_step_optimization,VPG,1415,75.3
2_step_optimization,VPG,1416,75.31
2_step_optimization,VPG,1417,75.3
2_step_optimization,VPG,1418,75.3
2_step_optimization,VPG,1419,75.3
2_step_optimization,VPG,1420,75.07
2_step_optimization,VPG,1421,74.88
2_step_optimization,VPG,1422,75.3
2_step_optimization,VPG,1423,75.3
2_step_optimization,VPG,1424,75.2
2_step_optimization,VPG,1425,75.3
2_step_optimization,VPG,1426,75.3
2_step_optimization,VPG,1427,75.3
2_step_optimization,VPG,1428,75.0
2_step_optimization,VPG,1429,75.12
2_step_optimization,VPG,1430,75.3
2_step_optimization,VPG,1431,74.74
2_step_optimization,VPG,1432,75.12
2_step_optimization,VPG,1433,75.26
2_step_optimization,VPG,1434,75.3
2_step_optimization,VPG,1435,74.88
2_step_optimization,VPG,1436,75.3
2_step_optimization,VPG,1437,75.3
2_step_optimization,VPG,1438,75.3
2_step_optimization,VPG,1439,75.3
2_step_optimization,VPG,1440,75.3
2_step_optimization,VPG,1441,75.3
2_step_optimization,VPG,1442,74.88
2_step_optimization,VPG,1443,75.3
2_step_optimization,VPG,1444,75.3
2_step_optimization,VPG,1445,75.3
2_step_optimization,VPG,1446,75.3
2_step_optimization,VPG,1447,75.3
2_step_optimization,VPG,1448,75.3
2_step_optimization,VPG,1449,74.88
2_step_optimization,VPG,1450,75.3
2_step_optimization,VPG,1451,75.09
2_step_optimization,VPG,1452,75.3
2_step_optimization,VPG,1453,75.3
2_step_optimization,VPG,1454,75.3
2_step_optimization,VPG,1455,75.3
2_step_optimization,VPG,1456,75.43
2_step_optimization,VPG,1457,75.3
2_step_optimization,VPG,1458,75.3
2_step_optimization,VPG,1459,75.3
2_step_optimization,VPG,1460,75.3
2_step_optimization,VPG,1461,75.3
2_step_optimization,VPG,1462,75.3
2_step_optimization,VPG,1463,75.3
2_step_optimization,VPG,1464,75.3
2_step_optimization,VPG,1465,75.3
2_step_optimization,VPG,1466,75.3
2_step_optimization,VPG,1467,75.07
2_step_optimization,VPG,1468,75.3
2_step_optimization,VPG,1469,75.3
2_step_optimization,VPG,1470,75.3
2_step_optimization,VPG,1471,75.3
2_step_optimization,VPG,1472,75.3
2_step_optimization,VPG,1473,75.3
2_step_optimization,VPG,1474,75.3
2_step_optimization,VPG,1475,75.3
2_step_optimization,VPG,1476,75.3
2_step_optimization,VPG,1477,75.3
2_step_optimization,VPG,1478,75.3
2_step_optimization,VPG,1479,75.3
2_step_optimization,VPG,1480,75.3
2_step_optimization,VPG,1481,75.3
2_step_optimization,VPG,1482,75.3
2_step_optimization,VPG,1483,75.3
2_step_optimization,VPG,1484,75.3
2_step_optimization,VPG,1485,75.3
2_step_optimization,VPG,1486,75.3
2_step_optimization,VPG,1487,75.3
2_step_optimization,VPG,1488,75.05
2_step_optimization,VPG,1489,75.3
2_step_optimization,VPG,1490,75.3
2_step_optimization,VPG,1491,75.3
2_step_optimization,VPG,1492,75.3
2_step_optimization,VPG,1493,75.12
2_step_optimization,VPG,1494,75.06
2_step_optimization,VPG,1495,75.3
2_step_optimization,VPG,1496,75.07
2_step_optimization,VPG,1497,75.3
2_step_optimization,VPG,1498,75.19
2_step_optimization,VPG,1499,75.3
2_step_optimization,VPG,1500,74.88
2_step_optimization,VPG,1501,75.3
2_step_optimization,VPG,1502,75.3
2_step_optimization,VPG,1503,75.3
2_step_optimization,VPG,1504,75.3
2_step_optimization,VPG,1505,75.3
2_step_optimization,VPG,1506,75.3
2_step_optimization,VPG,1507,75.3
2_step_optimization,VPG,1508,75.3
2_step_optimization,VPG,1509,74.88
2_step_optimization,VPG,1510,75.3
2_step_optimization,VPG,1511,75.3
2_step_optimization,VPG,1512,75.3
2_step_optimization,VPG,1513,75.3
2_step_optimization,VPG,1514,75.3
2_step_optimization,VPG,1515,75.3
2_step_optimization,VPG,1516,75.3
2_step_optimization,VPG,1517,75.3
2_step_optimization,VPG,1518,75.3
2_step_optimization,VPG,1519,75.3
2_step_optimization,VPG,1520,75.3
2_step_optimization,VPG,1521,75.3
2_step_optimization,VPG,1522,75.3
2_step_optimization,VPG,1523,75.3
2_step_optimization,VPG,1524,75.3
2_step_optimization,VPG,1525,75.3
2_step_optimization,VPG,1526,75.3
2_step_optimization,VPG,1527,75.3
2_step_optimization,VPG,1528,75.3
2_step_optimization,VPG,1529,75.3
2_step_optimization,VPG,1530,75.3
2_step_optimization,VPG,1531,75.3
2_step_optimization,VPG,1532,75.3
2_step_optimization,VPG,1533,75.3
2_step_optimization,VPG,1534,75.3
2_step_optimization,VPG,1535,75.3
2_step_optimization,VPG,1536,75.3
2_step_optimization,VPG,1537,75.3
2_step_optimization,VPG,1538,75.3
2_step_optimization,VPG,1539,75.3
2_step_optimization,VPG,1540,75.3
2_step_optimization,VPG,1541,75.3
2_step_optimization,VPG,1542,75.3
2_step_optimization,VPG,1543,75.3
2_step_optimization,VPG,1544,75.3
2_step_optimization,VPG,1545,75.3
2_step_optimization,VPG,1546,75.3
2_step_optimization,VPG,1547,75.3
2_step_optimization,VPG,1548,75.3
2_step_optimization,VPG,1549,75.3
2_step_optimization,VPG,1550,75.3
2_step_optimization,VPG,1551,75.3
2_step_optimization,VPG,1552,75.3
2_step_optimization,VPG,1553,75.3
2_step_optimization,VPG,1554,75.3
2_step_optimization,VPG,1555,75.3
2_step_optimization,VPG,1556,75.3
2_step_optimization,VPG,1557,75.3
2_step_optimization,VPG,1558,75.3
2_step_optimization,VPG,1559,75.3
2_step_optimization,VPG,1560,75.3
2_step_optimization,VPG,1561,75.3
2_step_optimization,VPG,1562,75.3
2_step_optimization,VPG,1563,75.3
2_step_optimization,VPG,1564,75.3
2_step_optimization,VPG,1565,75.3
2_step_optimization,VPG,1566,75.3
2_step_optimization,VPG,1567,75.3
2_step_optimization,VPG,1568,75.3
2_step_optimization,VPG,1569,75.3
2_step_optimization,VPG,1570,75.3
2_step_optimization,VPG,1571,75.3
2_step_optimization,VPG,1572,75.3
2_step_optimization,VPG,1573,75.3
2_step_optimization,VPG,1574,75.3
2_step_optimization,VPG,1575,75.3
2_step_optimization,VPG,1576,75.3
2_step_optimization,VPG,1577,75.3
2_step_optimization,VPG,1578,75.3
2_step_optimization,VPG,1579,75.53
2_step_optimization,VPG,1580,75.3
2_step_optimization,VPG,1581,75.3
2_step_optimization,VPG,1582,75.3
2_step_optimization,VPG,1583,75.3
2_step_optimization,VPG,1584,75.3
2_step_optimization,VPG,1585,75.3
2_step_optimization,VPG,1586,75.3
2_step_optimization,VPG,1587,75.3
2_step_optimization,VPG,1588,75.3
2_step_optimization,VPG,1589,75.3
2_step_optimization,VPG,1590,75.3
2_step_optimization,VPG,1591,75.3
2_step_optimization,VPG,1592,75.12
2_step_optimization,VPG,1593,75.13
2_step_optimization,VPG,1594,75.3
2_step_optimization,VPG,1595,75.3
2_step_optimization,VPG,1596,75.07
2_step_optimization,VPG,1597,75.3
2_step_optimization,VPG,1598,75.3
2_step_optimization,VPG,1599,75.3
2_step_optimization,VPG,1600,75.3
2_step_optimization,VPG,1601,75.17
2_step_optimization,VPG,1602,75.3
2_step_optimization,VPG,1603,75.3
2_step_optimization,VPG,1604,75.3
2_step_optimization,VPG,1605,75.3
2_step_optimization,VPG,1606,75.3
2_step_optimization,VPG,1607,75.3
2_step_optimization,VPG,1608,75.3
2_step_optimization,VPG,1609,75.3
2_step_optimization,VPG,1610,75.3
2_step_optimization,VPG,1611,75.3
2_step_optimization,VPG,1612,75.3
2_step_optimization,VPG,1613,75.08
2_step_optimization,VPG,1614,75.3
2_step_optimization,VPG,1615,75.3
2_step_optimization,VPG,1616,75.3
2_step_optimization,VPG,1617,75.3
2_step_optimization,VPG,1618,75.3
2_step_optimization,VPG,1619,75.3
2_step_optimization,VPG,1620,75.3
2_step_optimization,VPG,1621,75.3
2_step_optimization,VPG,1622,75.3
2_step_optimization,VPG,1623,75.3
2_step_optimization,VPG,1624,75.3
2_step_optimization,VPG,1625,75.3
2_step_optimization,VPG,1626,75.3
2_step_optimization,VPG,1627,75.3
2_step_optimization,VPG,1628,75.3
2_step_optimization,VPG,1629,75.34
2_step_optimization,VPG,1630,75.3
2_step_optimization,VPG,1631,75.3
2_step_optimization,VPG,1632,75.07
2_step_optimization,VPG,1633,75.3
2_step_optimization,VPG,1634,75.3
2_step_optimization,VPG,1635,75.3
2_step_optimization,VPG,1636,75.3
2_step_optimization,VPG,1637,75.3
2_step_optimization,VPG,1638,75.3
2_step_optimization,VPG,1639,75.3
2_step_optimization,VPG,1640,75.3
2_step_optimization,VPG,1641,75.3
2_step_optimization,VPG,1642,75.3
2_step_optimization,VPG,1643,75.3
2_step_optimization,VPG,1644,75.3
2_step_optimization,VPG,1645,75.3
2_step_optimization,VPG,1646,75.3
2_step_optimization,VPG,1647,75.3
2_step_optimization,VPG,1648,75.3
2_step_optimization,VPG,1649,75.3
2_step_optimization,VPG,1650,75.3
2_step_optimization,VPG,1651,75.3
2_step_optimization,VPG,1652,75.3
2_step_optimization,VPG,1653,75.3
2_step_optimization,VPG,1654,75.3
2_step_optimization,VPG,1655,75.3
2_step_optimization,VPG,1656,75.3
2_step_optimization,VPG,1657,75.3
2_step_optimization,VPG,1658,75.3
2_step_optimization,VPG,1659,75.3
2_step_optimization,VPG,1660,75.3
2_step_optimization,VPG,1661,75.3
2_step_optimization,VPG,1662,75.3
2_step_optimization,VPG,1663,75.3
2_step_optimization,VPG,1664,75.08
2_step_optimization,VPG,1665,75.3
2_step_optimization,VPG,1666,75.3
2_step_optimization,VPG,1667,75.3
2_step_optimization,VPG,1668,75.3
2_step_optimization,VPG,1669,75.3
2_step_optimization,VPG,1670,75.3
2_step_optimization,VPG,1671,75.3
2_step_optimization,VPG,1672,75.3
2_step_optimization,VPG,1673,75.3
2_step_optimization,VPG,1674,75.3
2_step_optimization,VPG,1675,75.3
2_step_optimization,VPG,1676,75.3
2_step_optimization,VPG,1677,75.3
2_step_optimization,VPG,1678,75.3
2_step_optimization,VPG,1679,75.3
2_step_optimization,VPG,1680,75.3
2_step_optimization,VPG,1681,75.3
2_step_optimization,VPG,1682,75.3
2_step_optimization,VPG,1683,75.3
2_step_optimization,VPG,1684,75.3
2_step_optimization,VPG,1685,75.3
2_step_optimization,VPG,1686,75.3
2_step_optimization,VPG,1687,75.3
2_step_optimization,VPG,1688,75.3
2_step_optimization,VPG,1689,75.3
2_step_optimization,VPG,1690,75.3
2_step_optimization,VPG,1691,75.3
2_step_optimization,VPG,1692,75.3
2_step_optimization,VPG,1693,75.3
2_step_optimization,VPG,1694,75.3
2_step_optimization,VPG,1695,75.3
2_step_optimization,VPG,1696,75.3
2_step_optimization,VPG,1697,75.3
2_step_optimization,VPG,1698,75.3
2_step_optimization,VPG,1699,75.3
2_step_optimization,VPG,1700,75.3
2_step_optimization,VPG,1701,75.3
2_step_optimization,VPG,1702,75.3
2_step_optimization,VPG,1703,75.3
2_step_optimization,VPG,1704,75.3
2_step_optimization,VPG,1705,75.3
2_step_optimization,VPG,1706,75.3
2_step_optimization,VPG,1707,75.2
2_step_optimization,VPG,1708,75.3
2_step_optimization,VPG,1709,75.3
2_step_optimization,VPG,1710,75.3
2_step_optimization,VPG,1711,75.3
2_step_optimization,VPG,1712,75.3
2_step_optimization,VPG,1713,75.3
2_step_optimization,VPG,1714,75.3
2_step_optimization,VPG,1715,75.3
2_step_optimization,VPG,1716,75.3
2_step_optimization,VPG,1717,75.3
2_step_optimization,VPG,1718,75.3
2_step_optimization,VPG,1719,75.3
2_step_optimization,VPG,1720,75.3
2_step_optimization,VPG,1721,75.3
2_step_optimization,VPG,1722,75.3
2_step_optimization,VPG,1723,75.3
2_step_optimization,VPG,1724,75.3
2_step_optimization,VPG,1725,75.3
2_step_optimization,VPG,1726,75.3
2_step_optimization,VPG,1727,75.3
2_step_optimization,VPG,1728,75.3
2_step_optimization,VPG,1729,75.3
2_step_optimization,VPG,1730,75.3
2_step_optimization,VPG,1731,75.3
2_step_optimization,VPG,1732,75.3
2_step_optimization,VPG,1733,75.3
2_step_optimization,VPG,1734,75.3
2_step_optimization,VPG,1735,75.3
2_step_optimization,VPG,1736,75.3
2_step_optimization,VPG,1737,75.3
2_step_optimization,VPG,1738,75.49
2_step_optimization,VPG,1739,75.3
2_step_optimization,VPG,1740,75.3
2_step_optimization,VPG,1741,75.3
2_step_optimization,VPG,1742,75.3
2_step_optimization,VPG,1743,75.3
2_step_optimization,VPG,1744,75.3
2_step_optimization,VPG,1745,75.3
2_step_optimization,VPG,1746,75.3
2_step_optimization,VPG,1747,75.3
2_step_optimization,VPG,1748,75.12
2_step_optimization,VPG,1749,74.88
2_step_optimization,VPG,1750,75.3
2_step_optimization,VPG,1751,75.3
2_step_optimization,VPG,1752,75.3
2_step_optimization,VPG,1753,75.3
2_step_optimization,VPG,1754,74.88
2_step_optimization,VPG,1755,75.3
2_step_optimization,VPG,1756,75.3
2_step_optimization,VPG,1757,75.3
2_step_optimization,VPG,1758,75.3
2_step_optimization,VPG,1759,75.3
2_step_optimization,VPG,1760,75.3
2_step_optimization,VPG,1761,75.3
2_step_optimization,VPG,1762,75.3
2_step_optimization,VPG,1763,75.3
2_step_optimization,VPG,1764,75.3
2_step_optimization,VPG,1765,75.3
2_step_optimization,VPG,1766,75.3
2_step_optimization,VPG,1767,75.3
2_step_optimization,VPG,1768,75.3
2_step_optimization,VPG,1769,75.3
2_step_optimization,VPG,1770,75.3
2_step_optimization,VPG,1771,75.3
2_step_optimization,VPG,1772,75.3
2_step_optimization,VPG,1773,75.3
2_step_optimization,VPG,1774,75.3
2_step_optimization,VPG,1775,75.3
2_step_optimization,VPG,1776,75.3
2_step_optimization,VPG,1777,75.3
2_step_optimization,VPG,1778,75.3
2_step_optimization,VPG,1779,75.3
2_step_optimization,VPG,1780,75.3
2_step_optimization,VPG,1781,75.3
2_step_optimization,VPG,1782,75.3
2_step_optimization,VPG,1783,75.3
2_step_optimization,VPG,1784,75.3
2_step_optimization,VPG,1785,75.3
2_step_optimization,VPG,1786,75.3
2_step_optimization,VPG,1787,75.3
2_step_optimization,VPG,1788,74.88
2_step_optimization,VPG,1789,75.3
2_step_optimization,VPG,1790,75.3
2_step_optimization,VPG,1791,75.3
2_step_optimization,VPG,1792,75.3
2_step_optimization,VPG,1793,75.3
2_step_optimization,VPG,1794,75.3
2_step_optimization,VPG,1795,75.3
2_step_optimization,VPG,1796,75.3
2_step_optimization,VPG,1797,75.3
2_step_optimization,VPG,1798,75.3
2_step_optimization,VPG,1799,75.3
2_step_optimization,VPG,1800,75.3
2_step_optimization,VPG,1801,75.3
2_step_optimization,VPG,1802,75.3
2_step_optimization,VPG,1803,75.3
2_step_optimization,VPG,1804,75.3
2_step_optimization,VPG,1805,75.3
2_step_optimization,VPG,1806,75.3
2_step_optimization,VPG,1807,75.3
2_step_optimization,VPG,1808,75.3
2_step_optimization,VPG,1809,75.3
2_step_optimization,VPG,1810,75.17
2_step_optimization,VPG,1811,75.3
2_step_optimization,VPG,1812,75.3
2_step_optimization,VPG,1813,75.3
2_step_optimization,VPG,1814,75.3
2_step_optimization,VPG,1815,75.3
2_step_optimization,VPG,1816,75.3
2_step_optimization,VPG,1817,75.3
2_step_optimization,VPG,1818,75.35
2_step_optimization,VPG,1819,75.3
2_step_optimization,VPG,1820,75.3
2_step_optimization,VPG,1821,75.3
2_step_optimization,VPG,1822,75.3
2_step_optimization,VPG,1823,75.3
2_step_optimization,VPG,1824,75.3
2_step_optimization,VPG,1825,75.3
2_step_optimization,VPG,1826,75.01
2_step_optimization,VPG,1827,75.3
2_step_optimization,VPG,1828,75.3
2_step_optimization,VPG,1829,75.3
2_step_optimization,VPG,1830,75.3
2_step_optimization,VPG,1831,75.3
2_step_optimization,VPG,1832,74.97
2_step_optimization,VPG,1833,75.3
2_step_optimization,VPG,1834,75.3
2_step_optimization,VPG,1835,75.3
2_step_optimization,VPG,1836,75.19
2_step_optimization,VPG,1837,75.3
2_step_optimization,VPG,1838,75.3
2_step_optimization,VPG,1839,75.3
2_step_optimization,VPG,1840,75.3
2_step_optimization,VPG,1841,75.3
2_step_optimization,VPG,1842,75.3
2_step_optimization,VPG,1843,75.3
2_step_optimization,VPG,1844,75.3
2_step_optimization,VPG,1845,75.3
2_step_optimization,VPG,1846,75.3
2_step_optimization,VPG,1847,75.3
2_step_optimization,VPG,1848,75.3
2_step_optimization,VPG,1849,75.53
2_step_optimization,VPG,1850,75.3
2_step_optimization,VPG,1851,75.3
2_step_optimization,VPG,1852,75.3
2_step_optimization,VPG,1853,75.13
2_step_optimization,VPG,1854,75.3
2_step_optimization,VPG,1855,75.13
2_step_optimization,VPG,1856,75.3
2_step_optimization,VPG,1857,75.3
2_step_optimization,VPG,1858,75.3
2_step_optimization,VPG,1859,75.13
2_step_optimization,VPG,1860,75.3
2_step_optimization,VPG,1861,75.3
2_step_optimization,VPG,1862,75.3
2_step_optimization,VPG,1863,75.3
2_step_optimization,VPG,1864,75.3
2_step_optimization,VPG,1865,75.08
2_step_optimization,VPG,1866,75.3
2_step_optimization,VPG,1867,75.3
2_step_optimization,VPG,1868,75.3
2_step_optimization,VPG,1869,75.51
2_step_optimization,VPG,1870,75.3
2_step_optimization,VPG,1871,75.3
2_step_optimization,VPG,1872,75.53
2_step_optimization,VPG,1873,75.3
2_step_optimization,VPG,1874,75.08
2_step_optimization,VPG,1875,75.3
2_step_optimization,VPG,1876,75.3
2_step_optimization,VPG,1877,75.3
2_step_optimization,VPG,1878,75.3
2_step_optimization,VPG,1879,75.3
2_step_optimization,VPG,1880,75.53
2_step_optimization,VPG,1881,75.3
2_step_optimization,VPG,1882,75.3
2_step_optimization,VPG,1883,75.3
2_step_optimization,VPG,1884,75.3
2_step_optimization,VPG,1885,75.3
2_step_optimization,VPG,1886,75.3
2_step_optimization,VPG,1887,75.3
2_step_optimization,VPG,1888,75.3
2_step_optimization,VPG,1889,75.3
2_step_optimization,VPG,1890,75.3
2_step_optimization,VPG,1891,75.3
2_step_optimization,VPG,1892,75.3
2_step_optimization,VPG,1893,75.3
2_step_optimization,VPG,1894,75.3
2_step_optimization,VPG,1895,75.3
2_step_optimization,VPG,1896,75.3
2_step_optimization,VPG,1897,75.3
2_step_optimization,VPG,1898,75.3
2_step_optimization,VPG,1899,75.3
2_step_optimization,VPG,1900,75.3
2_step_optimization,VPG,1901,75.3
2_step_optimization,VPG,1902,75.3
2_step_optimization,VPG,1903,75.3
2_step_optimization,VPG,1904,75.3
2_step_optimization,VPG,1905,75.3
2_step_optimization,VPG,1906,75.3
2_step_optimization,VPG,1907,75.3
2_step_optimization,VPG,1908,75.19
2_step_optimization,VPG,1909,75.3
2_step_optimization,VPG,1910,75.3
2_step_optimization,VPG,1911,75.3
2_step_optimization,VPG,1912,75.3
2_step_optimization,VPG,1913,75.3
2_step_optimization,VPG,1914,75.13
2_step_optimization,VPG,1915,75.3
2_step_optimization,VPG,1916,75.3
2_step_optimization,VPG,1917,75.09
2_step_optimization,VPG,1918,75.3
2_step_optimization,VPG,1919,75.3
2_step_optimization,VPG,1920,75.3
2_step_optimization,VPG,1921,75.3
2_step_optimization,VPG,1922,75.3
2_step_optimization,VPG,1923,75.3
2_step_optimization,VPG,1924,75.3
2_step_optimization,VPG,1925,75.3
2_step_optimization,VPG,1926,75.2
2_step_optimization,VPG,1927,75.3
2_step_optimization,VPG,1928,75.3
2_step_optimization,VPG,1929,75.3
2_step_optimization,VPG,1930,75.3
2_step_optimization,VPG,1931,75.3
2_step_optimization,VPG,1932,75.3
2_step_optimization,VPG,1933,75.3
2_step_optimization,VPG,1934,75.3
2_step_optimization,VPG,1935,75.3
2_step_optimization,VPG,1936,75.3
2_step_optimization,VPG,1937,75.19
2_step_optimization,VPG,1938,75.07
2_step_optimization,VPG,1939,75.3
2_step_optimization,VPG,1940,75.19
2_step_optimization,VPG,1941,75.3
2_step_optimization,VPG,1942,74.97
2_step_optimization,VPG,1943,75.3
2_step_optimization,VPG,1944,75.09
2_step_optimization,VPG,1945,75.3
2_step_optimization,VPG,1946,75.3
2_step_optimization,VPG,1947,75.3
2_step_optimization,VPG,1948,75.3
2_step_optimization,VPG,1949,75.3
2_step_optimization,VPG,1950,75.19
2_step_optimization,VPG,1951,75.3
2_step_optimization,VPG,1952,75.3
2_step_optimization,VPG,1953,75.3
2_step_optimization,VPG,1954,75.3
2_step_optimization,VPG,1955,75.3
2_step_optimization,VPG,1956,75.3
2_step_optimization,VPG,1957,75.21
2_step_optimization,VPG,1958,75.3
2_step_optimization,VPG,1959,75.3
2_step_optimization,VPG,1960,75.3
2_step_optimization,VPG,1961,74.98
2_step_optimization,VPG,1962,74.98
2_step_optimization,VPG,1963,75.5
2_step_optimization,VPG,1964,75.3
2_step_optimization,VPG,1965,75.3
2_step_optimization,VPG,1966,75.3
2_step_optimization,VPG,1967,75.3
2_step_optimization,VPG,1968,75.12
2_step_optimization,VPG,1969,75.3
2_step_optimization,VPG,1970,75.06
2_step_optimization,VPG,1971,75.3
2_step_optimization,VPG,1972,75.3
2_step_optimization,VPG,1973,75.3
2_step_optimization,VPG,1974,75.3
2_step_optimization,VPG,1975,74.98
2_step_optimization,VPG,1976,75.27
2_step_optimization,VPG,1977,75.27
2_step_optimization,VPG,1978,75.3
2_step_optimization,VPG,1979,74.88
2_step_optimization,VPG,1980,75.08
2_step_optimization,VPG,1981,74.67
2_step_optimization,VPG,1982,74.18
2_step_optimization,VPG,1983,74.61
2_step_optimization,VPG,1984,74.55
2_step_optimization,VPG,1985,75.3
2_step_optimization,VPG,1986,74.86
2_step_optimization,VPG,1987,75.2
2_step_optimization,VPG,1988,74.21
2_step_optimization,VPG,1989,74.86
2_step_optimization,VPG,1990,74.77
2_step_optimization,VPG,1991,74.78
2_step_optimization,VPG,1992,74.85
2_step_optimization,VPG,1993,74.38
2_step_optimization,VPG,1994,74.97
2_step_optimization,VPG,1995,74.88
2_step_optimization,VPG,1996,74.45
2_step_optimization,VPG,1997,74.64
2_step_optimization,VPG,1998,75.09
2_step_optimization,VPG,1999,74.85
2_step_optimization,VPG,2000,74.91
2_step_optimization,VPG,2001,74.28
2_step_optimization,VPG,2002,75.2
2_step_optimization,VPG,2003,75.06
2_step_optimization,VPG,2004,74.44
2_step_optimization,VPG,2005,75.17
2_step_optimization,VPG,2006,75.09
2_step_optimization,VPG,2007,74.84
2_step_optimization,VPG,2008,74.88
2_step_optimization,VPG,2009,75.3
2_step_optimization,VPG,2010,74.77
2_step_optimization,VPG,2011,75.5
2_step_optimization,VPG,2012,75.17
2_step_optimization,VPG,2013,75.3
2_step_optimization,VPG,2014,75.3
2_step_optimization,VPG,2015,75.12
2_step_optimization,VPG,2016,75.06
2_step_optimization,VPG,2017,75.05
2_step_optimization,VPG,2018,75.3
2_step_optimization,VPG,2019,74.88
2_step_optimization,VPG,2020,75.3
2_step_optimization,VPG,2021,74.94
2_step_optimization,VPG,2022,75.17
2_step_optimization,VPG,2023,74.94
2_step_optimization,VPG,2024,75.17
2_step_optimization,VPG,2025,74.29
2_step_optimization,VPG,2026,75.0
2_step_optimization,VPG,2027,75.3
2_step_optimization,VPG,2028,74.98
2_step_optimization,VPG,2029,75.09
2_step_optimization,VPG,2030,75.3
2_step_optimization,VPG,2031,75.2
2_step_optimization,VPG,2032,74.96
2_step_optimization,VPG,2033,74.65
2_step_optimization,VPG,2034,75.3
2_step_optimization,VPG,2035,74.99
2_step_optimization,VPG,2036,75.17
2_step_optimization,VPG,2037,74.84
2_step_optimization,VPG,2038,73.99
2_step_optimization,VPG,2039,74.44
2_step_optimization,VPG,2040,74.53
2_step_optimization,VPG,2041,74.33
2_step_optimization,VPG,2042,75.13
2_step_optimization,VPG,2043,75.3
2_step_optimization,VPG,2044,74.97
2_step_optimization,VPG,2045,74.56
2_step_optimization,VPG,2046,74.96
2_step_optimization,VPG,2047,75.27
2_step_optimization,VPG,2048,75.09
2_step_optimization,VPG,2049,75.3
2_step_optimization,VPG,2050,75.3
2_step_optimization,VPG,2051,75.35
2_step_optimization,VPG,2052,75.3
2_step_optimization,VPG,2053,75.3
2_step_optimization,VPG,2054,75.3
2_step_optimization,VPG,2055,75.3
2_step_optimization,VPG,2056,75.3
2_step_optimization,VPG,2057,75.17
2_step_optimization,VPG,2058,75.3
2_step_optimization,VPG,2059,75.3
2_step_optimization,VPG,2060,75.21
2_step_optimization,VPG,2061,74.96
2_step_optimization,VPG,2062,75.07
2_step_optimization,VPG,2063,75.3
2_step_optimization,VPG,2064,75.15
2_step_optimization,VPG,2065,74.94
2_step_optimization,VPG,2066,75.2
2_step_optimization,VPG,2067,75.16
2_step_optimization,VPG,2068,74.83
2_step_optimization,VPG,2069,75.04
2_step_optimization,VPG,2070,75.3
2_step_optimization,VPG,2071,74.98
2_step_optimization,VPG,2072,75.27
2_step_optimization,VPG,2073,74.99
2_step_optimization,VPG,2074,75.3
2_step_optimization,VPG,2075,75.3
2_step_optimization,VPG,2076,75.3
2_step_optimization,VPG,2077,74.92
2_step_optimization,VPG,2078,75.3
2_step_optimization,VPG,2079,74.89
2_step_optimization,VPG,2080,74.76
2_step_optimization,VPG,2081,75.12
2_step_optimization,VPG,2082,75.21
2_step_optimization,VPG,2083,74.74
2_step_optimization,VPG,2084,75.09
2_step_optimization,VPG,2085,74.91
2_step_optimization,VPG,2086,75.27
2_step_optimization,VPG,2087,74.86
2_step_optimization,VPG,2088,74.94
2_step_optimization,VPG,2089,75.3
2_step_optimization,VPG,2090,75.0
2_step_optimization,VPG,2091,75.3
2_step_optimization,VPG,2092,75.07
2_step_optimization,VPG,2093,75.3
2_step_optimization,VPG,2094,74.99
2_step_optimization,VPG,2095,75.3
2_step_optimization,VPG,2096,74.99
2_step_optimization,VPG,2097,74.85
2_step_optimization,VPG,2098,75.07
2_step_optimization,VPG,2099,75.3
2_step_optimization,VPG,2100,75.01
2_step_optimization,VPG,2101,74.95
2_step_optimization,VPG,2102,75.15
2_step_optimization,VPG,2103,75.3
2_step_optimization,VPG,2104,75.07
2_step_optimization,VPG,2105,75.2
2_step_optimization,VPG,2106,75.19
2_step_optimization,VPG,2107,75.3
2_step_optimization,VPG,2108,74.63
2_step_optimization,VPG,2109,75.3
2_step_optimization,VPG,2110,75.07
2_step_optimization,VPG,2111,75.3
2_step_optimization,VPG,2112,75.3
2_step_optimization,VPG,2113,75.3
2_step_optimization,VPG,2114,75.3
2_step_optimization,VPG,2115,75.3
2_step_optimization,VPG,2116,75.31
2_step_optimization,VPG,2117,75.3
2_step_optimization,VPG,2118,75.3
2_step_optimization,VPG,2119,75.3
2_step_optimization,VPG,2120,75.32
2_step_optimization,VPG,2121,75.3
2_step_optimization,VPG,2122,74.97
2_step_optimization,VPG,2123,75.3
2_step_optimization,VPG,2124,75.34
2_step_optimization,VPG,2125,75.17
2_step_optimization,VPG,2126,74.67
2_step_optimization,VPG,2127,75.31
2_step_optimization,VPG,2128,75.09
2_step_optimization,VPG,2129,75.3
2_step_optimization,VPG,2130,75.3
2_step_optimization,VPG,2131,75.3
2_step_optimization,VPG,2132,75.3
2_step_optimization,VPG,2133,75.17
2_step_optimization,VPG,2134,75.19
2_step_optimization,VPG,2135,75.0
2_step_optimization,VPG,2136,74.97
2_step_optimization,VPG,2137,75.0
2_step_optimization,VPG,2138,75.17
2_step_optimization,VPG,2139,75.3
2_step_optimization,VPG,2140,75.49
2_step_optimization,VPG,2141,74.97
2_step_optimization,VPG,2142,75.3
2_step_optimization,VPG,2143,75.3
2_step_optimization,VPG,2144,75.3
2_step_optimization,VPG,2145,75.3
2_step_optimization,VPG,2146,75.3
2_step_optimization,VPG,2147,75.3
2_step_optimization,VPG,2148,75.13
2_step_optimization,VPG,2149,75.3
2_step_optimization,VPG,2150,75.3
2_step_optimization,VPG,2151,75.08
2_step_optimization,VPG,2152,75.07
2_step_optimization,VPG,2153,75.09
2_step_optimization,VPG,2154,74.88
2_step_optimization,VPG,2155,75.27
2_step_optimization,VPG,2156,75.3
2_step_optimization,VPG,2157,75.3
2_step_optimization,VPG,2158,75.21
2_step_optimization,VPG,2159,75.3
2_step_optimization,VPG,2160,75.3
2_step_optimization,VPG,2161,75.3
2_step_optimization,VPG,2162,75.26
2_step_optimization,VPG,2163,75.12
2_step_optimization,VPG,2164,75.17
2_step_optimization,VPG,2165,75.3
2_step_optimization,VPG,2166,74.98
2_step_optimization,VPG,2167,75.3
2_step_optimization,VPG,2168,75.3
2_step_optimization,VPG,2169,75.3
2_step_optimization,VPG,2170,75.3
2_step_optimization,VPG,2171,74.64
2_step_optimization,VPG,2172,75.28
2_step_optimization,VPG,2173,75.07
2_step_optimization,VPG,2174,75.12
2_step_optimization,VPG,2175,74.86
2_step_optimization,VPG,2176,74.96
2_step_optimization,VPG,2177,75.01
2_step_optimization,VPG,2178,74.88
2_step_optimization,VPG,2179,74.85
2_step_optimization,VPG,2180,75.38
2_step_optimization,VPG,2181,75.3
2_step_optimization,VPG,2182,74.86
2_step_optimization,VPG,2183,74.4
2_step_optimization,VPG,2184,75.3
2_step_optimization,VPG,2185,75.05
2_step_optimization,VPG,2186,74.97
2_step_optimization,VPG,2187,74.98
2_step_optimization,VPG,2188,75.08
2_step_optimization,VPG,2189,74.91
2_step_optimization,VPG,2190,74.51
2_step_optimization,VPG,2191,75.12
2_step_optimization,VPG,2192,74.79
2_step_optimization,VPG,2193,75.07
2_step_optimization,VPG,2194,74.84
2_step_optimization,VPG,2195,75.18
2_step_optimization,VPG,2196,74.01
2_step_optimization,VPG,2197,73.79
2_step_optimization,VPG,2198,74.13
2_step_optimization,VPG,2199,74.46
2_step_optimization,VPG,2200,74.03
2_step_optimization,VPG,2201,74.89
2_step_optimization,VPG,2202,75.18
2_step_optimization,VPG,2203,75.22
2_step_optimization,VPG,2204,74.67
2_step_optimization,VPG,2205,74.22
2_step_optimization,VPG,2206,73.84
2_step_optimization,VPG,2207,74.29
2_step_optimization,VPG,2208,74.39
2_step_optimization,VPG,2209,74.49
2_step_optimization,VPG,2210,73.97
2_step_optimization,VPG,2211,74.39
2_step_optimization,VPG,2212,74.13
2_step_optimization,VPG,2213,74.13
2_step_optimization,VPG,2214,74.69
2_step_optimization,VPG,2215,74.37
2_step_optimization,VPG,2216,73.51
2_step_optimization,VPG,2217,74.69
2_step_optimization,VPG,2218,73.31
2_step_optimization,VPG,2219,72.46
2_step_optimization,VPG,2220,72.76
2_step_optimization,VPG,2221,72.27
2_step_optimization,VPG,2222,68.73
2_step_optimization,VPG,2223,68.76
2_step_optimization,VPG,2224,70.09
2_step_optimization,VPG,2225,69.41
2_step_optimization,VPG,2226,69.27
2_step_optimization,VPG,2227,70.72
2_step_optimization,VPG,2228,68.4
2_step_optimization,VPG,2229,62.75
2_step_optimization,VPG,2230,63.97
2_step_optimization,VPG,2231,57.55
2_step_optimization,VPG,2232,51.9
2_step_optimization,VPG,2233,48.31
2_step_optimization,VPG,2234,47.2
2_step_optimization,VPG,2235,17.66
2_step_optimization,VPG,2236,36.89
2_step_optimization,VPG,2237,18.51
2_step_optimization,VPG,2238,17.93
2_step_optimization,VPG,2239,12.41
2_step_optimization,VPG,2240,11.59
2_step_optimization,VPG,2241,9.87
2_step_optimization,VPG,2242,9.36
2_step_optimization,VPG,2243,17.33
2_step_optimization,VPG,2244,12.17
2_step_optimization,VPG,2245,15.56
2_step_optimization,VPG,2246,16.2
2_step_optimization,VPG,2247,15.88
2_step_optimization,VPG,2248,13.12
2_step_optimization,VPG,2249,20.84
2_step_optimization,VPG,2250,21.06
2_step_optimization,VPG,2251,16.07
2_step_optimization,VPG,2252,16.71
2_step_optimization,VPG,2253,18.36
2_step_optimization,VPG,2254,16.14
2_step_optimization,VPG,2255,21.44
2_step_optimization,VPG,2256,20.94
2_step_optimization,VPG,2257,20.94
2_step_optimization,VPG,2258,20.61
2_step_optimization,VPG,2259,20.79
2_step_optimization,VPG,2260,20.55
2_step_optimization,VPG,2261,20.39
2_step_optimization,VPG,2262,20.25
2_step_optimization,VPG,2263,20.6
2_step_optimization,VPG,2264,20.32
2_step_optimization,VPG,2265,20.33
2_step_optimization,VPG,2266,20.32
2_step_optimization,VPG,2267,20.2
2_step_optimization,VPG,2268,20.08
2_step_optimization,VPG,2269,20.72
2_step_optimization,VPG,2270,20.31
2_step_optimization,VPG,2271,20.12
2_step_optimization,VPG,2272,20.54
2_step_optimization,VPG,2273,20.14
2_step_optimization,VPG,2274,20.36
2_step_optimization,VPG,2275,19.83
2_step_optimization,VPG,2276,20.33
2_step_optimization,VPG,2277,20.34
2_step_optimization,VPG,2278,20.41
2_step_optimization,VPG,2279,20.14
2_step_optimization,VPG,2280,20.24
2_step_optimization,VPG,2281,20.23
2_step_optimization,VPG,2282,19.94
2_step_optimization,VPG,2283,20.03
2_step_optimization,VPG,2284,20.14
2_step_optimization,VPG,2285,20.27
2_step_optimization,VPG,2286,20.14
2_step_optimization,VPG,2287,20.23
2_step_optimization,VPG,2288,20.01
2_step_optimization,VPG,2289,20.05
2_step_optimization,VPG,2290,19.94
2_step_optimization,VPG,2291,20.01
2_step_optimization,VPG,2292,20.05
2_step_optimization,VPG,2293,19.92
2_step_optimization,VPG,2294,20.16
2_step_optimization,VPG,2295,19.93
2_step_optimization,VPG,2296,19.94
2_step_optimization,VPG,2297,19.94
2_step_optimization,VPG,2298,19.86
2_step_optimization,VPG,2299,19.94
2_step_optimization,VPG,2300,20.28
2_step_optimization,VPG,2301,19.93
2_step_optimization,VPG,2302,20.05
2_step_optimization,VPG,2303,20.07
2_step_optimization,VPG,2304,19.94
2_step_optimization,VPG,2305,20.12
2_step_optimization,VPG,2306,20.03
2_step_optimization,VPG,2307,20.04
2_step_optimization,VPG,2308,20.12
2_step_optimization,VPG,2309,20.05
2_step_optimization,VPG,2310,19.94
2_step_optimization,VPG,2311,20.01
2_step_optimization,VPG,2312,20.13
2_step_optimization,VPG,2313,20.24
2_step_optimization,VPG,2314,20.34
2_step_optimization,VPG,2315,20.18
2_step_optimization,VPG,2316,20.05
2_step_optimization,VPG,2317,20.15
2_step_optimization,VPG,2318,20.03
2_step_optimization,VPG,2319,20.29
2_step_optimization,VPG,2320,20.05
2_step_optimization,VPG,2321,20.05
2_step_optimization,VPG,2322,20.16
2_step_optimization,VPG,2323,20.02
2_step_optimization,VPG,2324,20.27
2_step_optimization,VPG,2325,20.17
2_step_optimization,VPG,2326,20.43
2_step_optimization,VPG,2327,20.14
2_step_optimization,VPG,2328,19.94
2_step_optimization,VPG,2329,20.03
2_step_optimization,VPG,2330,20.03
2_step_optimization,VPG,2331,20.04
2_step_optimization,VPG,2332,19.94
2_step_optimization,VPG,2333,20.06
2_step_optimization,VPG,2334,19.94
2_step_optimization,VPG,2335,20.05
2_step_optimization,VPG,2336,20.09
2_step_optimization,VPG,2337,19.92
2_step_optimization,VPG,2338,19.94
2_step_optimization,VPG,2339,20.05
2_step_optimization,VPG,2340,20.12
2_step_optimization,VPG,2341,19.93
2_step_optimization,VPG,2342,20.03
2_step_optimization,VPG,2343,20.15
2_step_optimization,VPG,2344,20.05
2_step_optimization,VPG,2345,19.94
2_step_optimization,VPG,2346,20.06
2_step_optimization,VPG,2347,20.24
2_step_optimization,VPG,2348,19.86
2_step_optimization,VPG,2349,20.01
2_step_optimization,VPG,2350,19.92
2_step_optimization,VPG,2351,20.03
2_step_optimization,VPG,2352,20.12
2_step_optimization,VPG,2353,20.06
2_step_optimization,VPG,2354,20.02
2_step_optimization,VPG,2355,19.94
2_step_optimization,VPG,2356,19.94
2_step_optimization,VPG,2357,20.05
2_step_optimization,VPG,2358,20.14
2_step_optimization,VPG,2359,19.92
2_step_optimization,VPG,2360,19.94
2_step_optimization,VPG,2361,19.94
2_step_optimization,VPG,2362,19.92
2_step_optimization,VPG,2363,20.11
2_step_optimization,VPG,2364,20.1
2_step_optimization,VPG,2365,19.93
2_step_optimization,VPG,2366,19.94
2_step_optimization,VPG,2367,20.0
2_step_optimization,VPG,2368,19.94
2_step_optimization,VPG,2369,20.01
2_step_optimization,VPG,2370,19.94
2_step_optimization,VPG,2371,19.94
2_step_optimization,VPG,2372,20.03
2_step_optimization,VPG,2373,19.94
2_step_optimization,VPG,2374,19.94
2_step_optimization,VPG,2375,19.94
2_step_optimization,VPG,2376,19.94
2_step_optimization,VPG,2377,20.16
2_step_optimization,VPG,2378,19.94
2_step_optimization,VPG,2379,20.06
2_step_optimization,VPG,2380,19.94
2_step_optimization,VPG,2381,20.14
2_step_optimization,VPG,2382,19.94
2_step_optimization,VPG,2383,20.05
2_step_optimization,VPG,2384,19.94
2_step_optimization,VPG,2385,19.94
2_step_optimization,VPG,2386,19.95
2_step_optimization,VPG,2387,20.02
2_step_optimization,VPG,2388,19.98
2_step_optimization,VPG,2389,19.94
2_step_optimization,VPG,2390,20.05
2_step_optimization,VPG,2391,19.94
2_step_optimization,VPG,2392,19.94
2_step_optimization,VPG,2393,20.05
2_step_optimization,VPG,2394,19.94
2_step_optimization,VPG,2395,19.92
2_step_optimization,VPG,2396,20.03
2_step_optimization,VPG,2397,19.94
2_step_optimization,VPG,2398,19.94
2_step_optimization,VPG,2399,20.05
2_step_optimization,VPG,2400,19.94
2_step_optimization,VPG,2401,20.14
2_step_optimization,VPG,2402,19.94
2_step_optimization,VPG,2403,20.05
2_step_optimization,VPG,2404,19.94
2_step_optimization,VPG,2405,19.94
2_step_optimization,VPG,2406,19.94
2_step_optimization,VPG,2407,20.26
2_step_optimization,VPG,2408,19.85
2_step_optimization,VPG,2409,20.03
2_step_optimization,VPG,2410,19.94
2_step_optimization,VPG,2411,19.94
2_step_optimization,VPG,2412,19.94
2_step_optimization,VPG,2413,20.03
2_step_optimization,VPG,2414,19.94
2_step_optimization,VPG,2415,20.14
2_step_optimization,VPG,2416,19.94
2_step_optimization,VPG,2417,19.94
2_step_optimization,VPG,2418,20.03
2_step_optimization,VPG,2419,20.02
2_step_optimization,VPG,2420,19.94
2_step_optimization,VPG,2421,19.94
2_step_optimization,VPG,2422,20.03
2_step_optimization,VPG,2423,19.94
2_step_optimization,VPG,2424,19.94
2_step_optimization,VPG,2425,20.05
2_step_optimization,VPG,2426,19.94
2_step_optimization,VPG,2427,19.94
2_step_optimization,VPG,2428,19.94
2_step_optimization,VPG,2429,20.03
2_step_optimization,VPG,2430,19.94
2_step_optimization,VPG,2431,20.03
2_step_optimization,VPG,2432,20.05
2_step_optimization,VPG,2433,19.94
2_step_optimization,VPG,2434,19.93
2_step_optimization,VPG,2435,19.94
2_step_optimization,VPG,2436,20.05
2_step_optimization,VPG,2437,19.94
2_step_optimization,VPG,2438,19.94
2_step_optimization,VPG,2439,19.94
2_step_optimization,VPG,2440,20.05
2_step_optimization,VPG,2441,19.94
2_step_optimization,VPG,2442,20.05
2_step_optimization,VPG,2443,19.94
2_step_optimization,VPG,2444,19.94
2_step_optimization,VPG,2445,19.94
2_step_optimization,VPG,2446,19.94
2_step_optimization,VPG,2447,19.94
2_step_optimization,VPG,2448,19.94
2_step_optimization,VPG,2449,20.05
2_step_optimization,VPG,2450,20.05
2_step_optimization,VPG,2451,20.05
2_step_optimization,VPG,2452,19.94
2_step_optimization,VPG,2453,19.94
2_step_optimization,VPG,2454,19.94
2_step_optimization,VPG,2455,19.92
2_step_optimization,VPG,2456,19.94
2_step_optimization,VPG,2457,19.94
2_step_optimization,VPG,2458,19.94
2_step_optimization,VPG,2459,19.94
2_step_optimization,VPG,2460,19.94
2_step_optimization,VPG,2461,19.94
2_step_optimization,VPG,2462,19.94
2_step_optimization,VPG,2463,19.94
2_step_optimization,VPG,2464,19.94
2_step_optimization,VPG,2465,19.94
2_step_optimization,VPG,2466,19.94
2_step_optimization,VPG,2467,19.94
2_step_optimization,VPG,2468,19.94
2_step_optimization,VPG,2469,19.94
2_step_optimization,VPG,2470,19.94
2_step_optimization,VPG,2471,19.94
2_step_optimization,VPG,2472,19.94
2_step_optimization,VPG,2473,19.94
2_step_optimization,VPG,2474,19.89
2_step_optimization,VPG,2475,20.27
2_step_optimization,VPG,2476,19.94
2_step_optimization,VPG,2477,19.94
2_step_optimization,VPG,2478,19.94
2_step_optimization,VPG,2479,19.94
2_step_optimization,VPG,2480,19.94
2_step_optimization,VPG,2481,19.94
2_step_optimization,VPG,2482,19.94
2_step_optimization,VPG,2483,19.94
2_step_optimization,VPG,2484,19.94
2_step_optimization,VPG,2485,19.94
2_step_optimization,VPG,2486,19.94
2_step_optimization,VPG,2487,19.94
2_step_optimization,VPG,2488,19.94
2_step_optimization,VPG,2489,19.94
2_step_optimization,VPG,2490,19.94
2_step_optimization,VPG,2491,19.94
2_step_optimization,VPG,2492,19.94
2_step_optimization,VPG,2493,19.94
2_step_optimization,VPG,2494,19.94
2_step_optimization,VPG,2495,19.94
2_step_optimization,VPG,2496,19.94
2_step_optimization,VPG,2497,19.94
2_step_optimization,VPG,2498,19.94
2_step_optimization,VPG,2499,19.94
2_step_optimization,VPG,2500,19.94
2_step_optimization,VPG,2501,19.94
2_step_optimization,VPG,2502,19.94
2_step_optimization,VPG,2503,19.94
2_step_optimization,VPG,2504,19.94
2_step_optimization,VPG,2505,19.94
2_step_optimization,VPG,2506,20.05
2_step_optimization,VPG,2507,19.94
2_step_optimization,VPG,2508,19.94
2_step_optimization,VPG,2509,19.94
2_step_optimization,VPG,2510,19.85
2_step_optimization,VPG,2511,19.94
2_step_optimization,VPG,2512,20.05
2_step_optimization,VPG,2513,19.94
2_step_optimization,VPG,2514,19.94
2_step_optimization,VPG,2515,19.94
2_step_optimization,VPG,2516,19.94
2_step_optimization,VPG,2517,19.94
2_step_optimization,VPG,2518,19.94
2_step_optimization,VPG,2519,19.94
2_step_optimization,VPG,2520,19.94
2_step_optimization,VPG,2521,19.94
2_step_optimization,VPG,2522,19.94
2_step_optimization,VPG,2523,19.94
2_step_optimization,VPG,2524,19.94
2_step_optimization,VPG,2525,19.94
2_step_optimization,VPG,2526,19.94
2_step_optimization,VPG,2527,19.94
2_step_optimization,VPG,2528,19.94
2_step_optimization,VPG,2529,19.94
2_step_optimization,VPG,2530,19.94
2_step_optimization,VPG,2531,19.94
2_step_optimization,VPG,2532,19.94
2_step_optimization,VPG,2533,19.94
2_step_optimization,VPG,2534,19.94
2_step_optimization,VPG,2535,19.94
2_step_optimization,VPG,2536,19.94
2_step_optimization,VPG,2537,19.89
2_step_optimization,VPG,2538,19.94
2_step_optimization,VPG,2539,19.94
2_step_optimization,VPG,2540,19.94
2_step_optimization,VPG,2541,19.94
2_step_optimization,VPG,2542,19.94
2_step_optimization,VPG,2543,20.06
2_step_optimization,VPG,2544,19.94
2_step_optimization,VPG,2545,19.94
2_step_optimization,VPG,2546,19.94
2_step_optimization,VPG,2547,19.94
2_step_optimization,VPG,2548,19.94
2_step_optimization,VPG,2549,19.94
2_step_optimization,VPG,2550,19.94
2_step_optimization,VPG,2551,19.94
2_step_optimization,VPG,2552,19.94
2_step_optimization,VPG,2553,19.94
2_step_optimization,VPG,2554,19.94
2_step_optimization,VPG,2555,19.94
2_step_optimization,VPG,2556,19.94
2_step_optimization,VPG,2557,19.94
2_step_optimization,VPG,2558,19.94
2_step_optimization,VPG,2559,19.94
2_step_optimization,VPG,2560,19.92
2_step_optimization,VPG,2561,19.94
2_step_optimization,VPG,2562,19.94
2_step_optimization,VPG,2563,19.94
2_step_optimization,VPG,2564,19.94
2_step_optimization,VPG,2565,19.94
2_step_optimization,VPG,2566,19.94
2_step_optimization,VPG,2567,19.94
2_step_optimization,VPG,2568,19.94
2_step_optimization,VPG,2569,19.94
2_step_optimization,VPG,2570,20.05
2_step_optimization,VPG,2571,19.92
2_step_optimization,VPG,2572,19.94
2_step_optimization,VPG,2573,20.16
2_step_optimization,VPG,2574,19.94
2_step_optimization,VPG,2575,19.94
2_step_optimization,VPG,2576,19.94
2_step_optimization,VPG,2577,19.94
2_step_optimization,VPG,2578,19.94
2_step_optimization,VPG,2579,19.94
2_step_optimization,VPG,2580,19.94
2_step_optimization,VPG,2581,19.94
2_step_optimization,VPG,2582,19.94
2_step_optimization,VPG,2583,19.94
2_step_optimization,VPG,2584,19.94
2_step_optimization,VPG,2585,19.92
2_step_optimization,VPG,2586,19.94
2_step_optimization,VPG,2587,19.94
2_step_optimization,VPG,2588,19.94
2_step_optimization,VPG,2589,19.94
2_step_optimization,VPG,2590,19.94
2_step_optimization,VPG,2591,20.05
2_step_optimization,VPG,2592,19.94
2_step_optimization,VPG,2593,19.94
2_step_optimization,VPG,2594,19.94
2_step_optimization,VPG,2595,19.94
2_step_optimization,VPG,2596,19.94
2_step_optimization,VPG,2597,19.94
2_step_optimization,VPG,2598,19.94
2_step_optimization,VPG,2599,20.05
2_step_optimization,VPG,2600,19.94
2_step_optimization,VPG,2601,19.94
2_step_optimization,VPG,2602,19.94
2_step_optimization,VPG,2603,19.94
2_step_optimization,VPG,2604,19.94
2_step_optimization,VPG,2605,20.03
2_step_optimization,VPG,2606,19.94
2_step_optimization,VPG,2607,19.94
2_step_optimization,VPG,2608,19.94
2_step_optimization,VPG,2609,19.94
2_step_optimization,VPG,2610,19.94
2_step_optimization,VPG,2611,19.92
2_step_optimization,VPG,2612,19.94
2_step_optimization,VPG,2613,19.94
2_step_optimization,VPG,2614,19.94
2_step_optimization,VPG,2615,19.94
2_step_optimization,VPG,2616,19.94
2_step_optimization,VPG,2617,20.03
2_step_optimization,VPG,2618,19.94
2_step_optimization,VPG,2619,19.94
2_step_optimization,VPG,2620,19.94
2_step_optimization,VPG,2621,19.94
2_step_optimization,VPG,2622,19.94
2_step_optimization,VPG,2623,19.94
2_step_optimization,VPG,2624,19.94
2_step_optimization,VPG,2625,19.94
2_step_optimization,VPG,2626,19.94
2_step_optimization,VPG,2627,19.94
2_step_optimization,VPG,2628,19.94
2_step_optimization,VPG,2629,19.94
2_step_optimization,VPG,2630,19.94
2_step_optimization,VPG,2631,19.94
2_step_optimization,VPG,2632,20.0
2_step_optimization,VPG,2633,19.94
2_step_optimization,VPG,2634,19.94
2_step_optimization,VPG,2635,20.12
2_step_optimization,VPG,2636,19.94
2_step_optimization,VPG,2637,19.94
2_step_optimization,VPG,2638,19.94
2_step_optimization,VPG,2639,19.94
2_step_optimization,VPG,2640,19.94
2_step_optimization,VPG,2641,19.94
2_step_optimization,VPG,2642,19.94
2_step_optimization,VPG,2643,19.94
2_step_optimization,VPG,2644,19.94
2_step_optimization,VPG,2645,20.05
2_step_optimization,VPG,2646,19.94
2_step_optimization,VPG,2647,19.94
2_step_optimization,VPG,2648,20.06
2_step_optimization,VPG,2649,20.03
2_step_optimization,VPG,2650,19.94
2_step_optimization,VPG,2651,19.94
2_step_optimization,VPG,2652,19.94
2_step_optimization,VPG,2653,19.94
2_step_optimization,VPG,2654,19.93
2_step_optimization,VPG,2655,19.94
2_step_optimization,VPG,2656,19.94
2_step_optimization,VPG,2657,19.94
2_step_optimization,VPG,2658,19.94
2_step_optimization,VPG,2659,19.94
2_step_optimization,VPG,2660,19.94
2_step_optimization,VPG,2661,19.94
2_step_optimization,VPG,2662,20.05
2_step_optimization,VPG,2663,20.03
2_step_optimization,VPG,2664,19.93
2_step_optimization,VPG,2665,19.94
2_step_optimization,VPG,2666,19.93
2_step_optimization,VPG,2667,19.94
2_step_optimization,VPG,2668,19.94
2_step_optimization,VPG,2669,19.94
2_step_optimization,VPG,2670,19.94
2_step_optimization,VPG,2671,19.94
2_step_optimization,VPG,2672,19.93
2_step_optimization,VPG,2673,19.94
2_step_optimization,VPG,2674,19.94
2_step_optimization,VPG,2675,19.92
2_step_optimization,VPG,2676,20.0
2_step_optimization,VPG,2677,19.82
2_step_optimization,VPG,2678,19.94
2_step_optimization,VPG,2679,20.03
2_step_optimization,VPG,2680,19.94
2_step_optimization,VPG,2681,20.16
2_step_optimization,VPG,2682,19.93
2_step_optimization,VPG,2683,19.94
2_step_optimization,VPG,2684,19.94
2_step_optimization,VPG,2685,19.94
2_step_optimization,VPG,2686,19.94
2_step_optimization,VPG,2687,19.94
2_step_optimization,VPG,2688,19.94
2_step_optimization,VPG,2689,19.93
2_step_optimization,VPG,2690,19.94
2_step_optimization,VPG,2691,20.05
2_step_optimization,VPG,2692,20.17
2_step_optimization,VPG,2693,19.94
2_step_optimization,VPG,2694,19.94
2_step_optimization,VPG,2695,19.94
2_step_optimization,VPG,2696,20.05
2_step_optimization,VPG,2697,19.94
2_step_optimization,VPG,2698,19.94
2_step_optimization,VPG,2699,19.94
2_step_optimization,VPG,2700,20.03
2_step_optimization,VPG,2701,19.94
2_step_optimization,VPG,2702,19.94
2_step_optimization,VPG,2703,19.94
2_step_optimization,VPG,2704,20.06
2_step_optimization,VPG,2705,20.03
2_step_optimization,VPG,2706,20.16
2_step_optimization,VPG,2707,19.94
2_step_optimization,VPG,2708,20.05
2_step_optimization,VPG,2709,19.94
2_step_optimization,VPG,2710,19.94
2_step_optimization,VPG,2711,19.94
2_step_optimization,VPG,2712,19.94
2_step_optimization,VPG,2713,19.94
2_step_optimization,VPG,2714,19.94
